tamano,estados,topologia,posicion,semilla,algoritmo,tiempo_gen_ms,tiempo_busqueda_ms,expandidos,generados,frontera_maxima,profundidad,costo,pasos
15x15,225,arbol,esquinas,10105,BFS,1.8290799998794682,0.43930399988312274,125,255,8,32,32.0,32
15x15,225,arbol,esquinas,10105,DFS,1.8290799998794682,0.36555099904944655,154,310,7,32,32.0,32
15x15,225,arbol,esquinas,10105,UCS,1.8290799998794682,0.36003400055051316,130,263,8,32,32.0,32
15x15,225,arbol,esquinas,10105,Bidireccional,1.8290799998794682,0.21804499920108356,97,202,10,32,32.0,32
15x15,225,arbol,esquinas,10105,Lee,1.8290799998794682,0.16678199972375296,125,255,8,32,32.0,32
15x15,225,arbol,interior,10105,BFS,1.8290799998794682,0.3681349990074523,182,368,9,38,38.0,38
15x15,225,arbol,interior,10105,DFS,1.8290799998794682,0.19388100008654874,96,195,5,38,38.0,38
15x15,225,arbol,interior,10105,UCS,1.8290799998794682,0.4849799988733139,187,378,9,38,38.0,38
15x15,225,arbol,interior,10105,Bidireccional,1.8290799998794682,0.2361349997954676,112,230,11,38,38.0,38
15x15,225,arbol,interior,10105,Lee,1.8290799998794682,0.22237499979382847,186,376,9,38,38.0,38
15x15,225,arbol,esquinas,10206,BFS,1.1829060003947234,0.24835600015649106,125,251,4,60,60.0,60
15x15,225,arbol,esquinas,10206,DFS,1.1829060003947234,0.21427399951789994,107,217,5,60,60.0,60
15x15,225,arbol,esquinas,10206,UCS,1.1829060003947234,0.33258600160479546,126,253,4,60,60.0,60
15x15,225,arbol,esquinas,10206,Bidireccional,1.1829060003947234,0.32434400054626167,125,252,8,60,60.0,60
15x15,225,arbol,esquinas,10206,Lee,1.1829060003947234,0.19974700080638286,125,251,4,60,60.0,60
15x15,225,arbol,interior,10206,BFS,1.1829060003947234,0.3034609999303939,143,287,5,60,60.0,60
15x15,225,arbol,interior,10206,DFS,1.1829060003947234,0.5031380005675601,182,369,11,60,60.0,60
15x15,225,arbol,interior,10206,UCS,1.1829060003947234,0.3439699994487455,145,292,5,60,60.0,60
15x15,225,arbol,interior,10206,Bidireccional,1.1829060003947234,0.3980269993917318,162,327,10,60,60.0,60
15x15,225,arbol,interior,10206,Lee,1.1829060003947234,0.17055299940693658,143,288,5,60,60.0,60
15x15,225,arbol,esquinas,10307,BFS,1.9594049990701023,0.7811079995008186,209,420,6,68,68.0,68
15x15,225,arbol,esquinas,10307,DFS,1.9594049990701023,0.7563840008515399,214,432,8,68,68.0,68
15x15,225,arbol,esquinas,10307,UCS,1.9594049990701023,0.9685629993327893,212,426,6,68,68.0,68
15x15,225,arbol,esquinas,10307,Bidireccional,1.9594049990701023,0.6942950003576698,188,382,11,68,68.0,68
15x15,225,arbol,esquinas,10307,Lee,1.9594049990701023,0.4141610006627161,209,422,6,68,68.0,68
15x15,225,arbol,interior,10307,BFS,1.9594049990701023,0.4657039989979239,183,370,6,58,58.0,58
15x15,225,arbol,interior,10307,DFS,1.9594049990701023,0.5432269990706118,198,399,8,58,58.0,58
15x15,225,arbol,interior,10307,UCS,1.9594049990701023,0.4376279994176002,187,378,6,58,58.0,58
15x15,225,arbol,interior,10307,Bidireccional,1.9594049990701023,0.348718998793629,171,349,10,58,58.0,58
15x15,225,arbol,interior,10307,Lee,1.9594049990701023,0.21804500102007296,183,370,6,58,58.0,58
15x15,225,arbol,esquinas,10408,BFS,1.8010740004683612,0.33817199982877355,115,233,5,50,50.0,50
15x15,225,arbol,esquinas,10408,DFS,1.8010740004683612,0.5363139989640331,197,398,9,50,50.0,50
15x15,225,arbol,esquinas,10408,UCS,1.8010740004683612,0.45878899982199073,118,239,5,50,50.0,50
15x15,225,arbol,esquinas,10408,Bidireccional,1.8010740004683612,0.279645999398781,105,215,8,50,50.0,50
15x15,225,arbol,esquinas,10408,Lee,1.8010740004683612,0.17558199942868669,115,233,5,50,50.0,50
15x15,225,arbol,interior,10408,BFS,1.8010740004683612,0.23306100047193468,122,245,5,48,48.0,48
15x15,225,arbol,interior,10408,DFS,1.8010740004683612,0.22537899894814473,115,234,7,48,48.0,48
15x15,225,arbol,interior,10408,UCS,1.8010740004683612,0.2794360007101204,124,249,5,48,48.0,48
15x15,225,arbol,interior,10408,Bidireccional,1.8010740004683612,0.23969600078999065,121,248,9,48,48.0,48
15x15,225,arbol,interior,10408,Lee,1.8010740004683612,0.1701339988358086,122,246,5,48,48.0,48
15x15,225,arbol,esquinas,10509,BFS,1.2405959987518145,0.3679250003187917,194,387,7,64,64.0,64
15x15,225,arbol,esquinas,10509,DFS,1.2405959987518145,0.4078050005773548,169,342,6,64,64.0,64
15x15,225,arbol,esquinas,10509,UCS,1.2405959987518145,0.48700499974074773,194,388,7,64,64.0,64
15x15,225,arbol,esquinas,10509,Bidireccional,1.2405959987518145,0.3195249992131721,152,309,9,64,64.0,64
15x15,225,arbol,esquinas,10509,Lee,1.2405959987518145,0.2538740009185858,194,388,7,64,64.0,64
15x15,225,arbol,interior,10509,BFS,1.2405959987518145,0.42470599873922765,198,395,5,80,80.0,80
15x15,225,arbol,interior,10509,DFS,1.2405959987518145,0.21134099915798288,96,197,7,80,80.0,80
15x15,225,arbol,interior,10509,UCS,1.2405959987518145,0.6857039988972247,198,396,5,80,80.0,80
15x15,225,arbol,interior,10509,Bidireccional,1.2405959987518145,1.3976689988339785,210,423,10,80,80.0,80
15x15,225,arbol,interior,10509,Lee,1.2405959987518145,0.3786809993471252,198,396,5,80,80.0,80
15x15,225,arbol,esquinas,10610,BFS,1.412266001352691,0.4340659997978946,207,417,10,48,48.0,48
15x15,225,arbol,esquinas,10610,DFS,1.412266001352691,0.377562999346992,194,390,11,48,48.0,48
15x15,225,arbol,esquinas,10610,UCS,1.412266001352691,0.5563579998124624,211,426,10,48,48.0,48
15x15,225,arbol,esquinas,10610,Bidireccional,1.412266001352691,0.27692199910234194,122,251,11,48,48.0,48
15x15,225,arbol,esquinas,10610,Lee,1.412266001352691,0.25736600036907475,207,418,10,48,48.0,48
15x15,225,arbol,interior,10610,BFS,1.412266001352691,0.3957919998356374,192,391,10,42,42.0,42
15x15,225,arbol,interior,10610,DFS,1.412266001352691,0.33482100116088986,163,329,11,42,42.0,42
15x15,225,arbol,interior,10610,UCS,1.412266001352691,0.5787070003862027,199,404,10,42,42.0,42
15x15,225,arbol,interior,10610,Bidireccional,1.412266001352691,0.2647000001161359,112,232,11,42,42.0,42
15x15,225,arbol,interior,10610,Lee,1.412266001352691,0.24507399939466268,194,394,10,42,42.0,42
15x15,225,arbol,esquinas,10711,BFS,1.3786729996354552,0.4402819995448226,218,438,7,54,54.0,54
15x15,225,arbol,esquinas,10711,DFS,1.3786729996354552,0.18298500071978197,84,174,8,54,54.0,54
15x15,225,arbol,esquinas,10711,UCS,1.3786729996354552,0.5241599992586998,220,441,7,54,54.0,54
15x15,225,arbol,esquinas,10711,Bidireccional,1.3786729996354552,0.22523900042870082,112,230,8,54,54.0,54
15x15,225,arbol,esquinas,10711,Lee,1.3786729996354552,0.25303599977632985,219,439,7,54,54.0,54
15x15,225,arbol,interior,10711,BFS,1.3786729996354552,0.3849660006380873,204,409,7,50,50.0,50
15x15,225,arbol,interior,10711,DFS,1.3786729996354552,0.16699099978723098,75,157,8,50,50.0,50
15x15,225,arbol,interior,10711,UCS,1.3786729996354552,0.5316339993441943,205,411,7,50,50.0,50
15x15,225,arbol,interior,10711,Bidireccional,1.3786729996354552,0.29012199956923723,144,292,11,50,50.0,50
15x15,225,arbol,interior,10711,Lee,1.3786729996354552,0.3048590006073937,205,411,7,50,50.0,50
15x15,225,arbol,esquinas,10812,BFS,1.5867999991314718,0.3172899996570777,162,328,6,48,48.0,48
15x15,225,arbol,esquinas,10812,DFS,1.5867999991314718,0.29075000020384323,134,273,11,48,48.0,48
15x15,225,arbol,esquinas,10812,UCS,1.5867999991314718,0.42030699842143804,166,334,6,48,48.0,48
15x15,225,arbol,esquinas,10812,Bidireccional,1.5867999991314718,0.33768400135159027,146,302,12,48,48.0,48
15x15,225,arbol,esquinas,10812,Lee,1.5867999991314718,0.21434299924294464,163,330,6,48,48.0,48
15x15,225,arbol,interior,10812,BFS,1.5867999991314718,0.3830799996649148,145,291,6,40,40.0,40
15x15,225,arbol,interior,10812,DFS,1.5867999991314718,0.2290800002811011,93,190,7,40,40.0,40
15x15,225,arbol,interior,10812,UCS,1.5867999991314718,0.4744340003526304,147,295,6,40,40.0,40
15x15,225,arbol,interior,10812,Bidireccional,1.5867999991314718,0.3761670013773255,130,268,12,40,40.0,40
15x15,225,arbol,interior,10812,Lee,1.5867999991314718,0.17160000061267056,147,295,6,40,40.0,40
15x15,225,arbol,esquinas,10913,BFS,1.8572259996290086,0.32769700010248926,136,275,5,48,48.0,48
15x15,225,arbol,esquinas,10913,DFS,1.8572259996290086,0.16587400023126975,81,164,5,48,48.0,48
15x15,225,arbol,esquinas,10913,UCS,1.8572259996290086,0.3214799999113893,139,281,5,48,48.0,48
15x15,225,arbol,esquinas,10913,Bidireccional,1.8572259996290086,0.2094550000037998,102,207,9,48,48.0,48
15x15,225,arbol,esquinas,10913,Lee,1.8572259996290086,0.15895900105533656,139,281,4,48,48.0,48
15x15,225,arbol,interior,10913,BFS,1.8572259996290086,0.40403300044999924,201,402,7,66,66.0,66
15x15,225,arbol,interior,10913,DFS,1.8572259996290086,0.33216699921467807,155,316,12,66,66.0,66
15x15,225,arbol,interior,10913,UCS,1.8572259996290086,0.7454890001099557,202,406,7,66,66.0,66
15x15,225,arbol,interior,10913,Bidireccional,1.8572259996290086,0.33454100048402324,155,316,13,66,66.0,66
15x15,225,arbol,interior,10913,Lee,1.8572259996290086,0.27706200125976466,201,403,6,66,66.0,66
15x15,225,arbol,esquinas,11014,BFS,1.6904450003494276,0.3133789996354608,146,294,9,46,46.0,46
15x15,225,arbol,esquinas,11014,DFS,1.6904450003494276,0.4030559994134819,202,406,8,46,46.0,46
15x15,225,arbol,esquinas,11014,UCS,1.6904450003494276,0.3716969986271579,149,300,9,46,46.0,46
15x15,225,arbol,esquinas,11014,Bidireccional,1.6904450003494276,0.2179750008508563,90,182,7,46,46.0,46
15x15,225,arbol,esquinas,11014,Lee,1.6904450003494276,0.27147400032845326,146,295,9,46,46.0,46
15x15,225,arbol,interior,11014,BFS,1.6904450003494276,0.2928459998656763,94,194,7,34,34.0,34
15x15,225,arbol,interior,11014,DFS,1.6904450003494276,0.19709299886017106,100,202,7,34,34.0,34
15x15,225,arbol,interior,11014,UCS,1.6904450003494276,0.24982399918371812,100,207,8,34,34.0,34
15x15,225,arbol,interior,11014,Bidireccional,1.6904450003494276,0.17271800061280373,85,180,12,34,34.0,34
15x15,225,arbol,interior,11014,Lee,1.6904450003494276,0.11342300058458932,96,198,7,34,34.0,34
15x15,225,ciclos_5%,esquinas,10105,BFS,1.6454669985250803,0.302274000205216,136,288,11,30,30.0,30
15x15,225,ciclos_5%,esquinas,10105,DFS,1.6454669985250803,0.2761529995041201,73,161,13,54,54.0,54
15x15,225,ciclos_5%,esquinas,10105,UCS,1.6454669985250803,0.540852999620256,145,306,11,30,30.0,30
15x15,225,ciclos_5%,esquinas,10105,Bidireccional,1.6454669985250803,0.286279999272665,115,247,15,30,30.0,30
15x15,225,ciclos_5%,esquinas,10105,Lee,1.6454669985250803,0.20554399998218287,139,294,11,30,30.0,30
15x15,225,ciclos_5%,interior,10105,BFS,1.6454669985250803,0.46779799959040247,164,350,13,30,30.0,30
15x15,225,ciclos_5%,interior,10105,DFS,1.6454669985250803,0.32252799974230584,135,289,19,66,66.0,66
15x15,225,ciclos_5%,interior,10105,UCS,1.6454669985250803,0.6162120007502381,176,375,14,30,30.0,30
15x15,225,ciclos_5%,interior,10105,Bidireccional,1.6454669985250803,0.512845999764977,139,302,18,30,30.0,30
15x15,225,ciclos_5%,interior,10105,Lee,1.6454669985250803,0.26253500072925817,173,368,13,30,30.0,30
15x15,225,ciclos_5%,esquinas,10206,BFS,2.007596000112244,0.660771000184468,125,261,5,56,56.0,56
15x15,225,ciclos_5%,esquinas,10206,DFS,2.007596000112244,0.30031800088181626,126,262,7,58,58.0,58
15x15,225,ciclos_5%,esquinas,10206,UCS,2.007596000112244,0.3103750004811445,126,263,5,56,56.0,56
15x15,225,ciclos_5%,esquinas,10206,Bidireccional,2.007596000112244,0.26770299882628024,126,266,10,56,56.0,56
15x15,225,ciclos_5%,esquinas,10206,Lee,2.007596000112244,0.16873700042197015,125,261,5,56,56.0,56
15x15,225,ciclos_5%,interior,10206,BFS,2.007596000112244,0.3527690005284967,143,297,5,58,58.0,58
15x15,225,ciclos_5%,interior,10206,DFS,2.007596000112244,0.42407799992361106,203,427,15,60,60.0,60
15x15,225,ciclos_5%,interior,10206,UCS,2.007596000112244,0.3406169998925179,145,302,5,58,58.0,58
15x15,225,ciclos_5%,interior,10206,Bidireccional,2.007596000112244,0.31554400084132794,154,323,11,58,58.0,58
15x15,225,ciclos_5%,interior,10206,Lee,2.007596000112244,0.19367099957889877,143,298,5,58,58.0,58
15x15,225,ciclos_5%,esquinas,10307,BFS,1.6037719997257227,0.43790599920612294,173,366,10,46,46.0,46
15x15,225,ciclos_5%,esquinas,10307,DFS,1.6037719997257227,0.3297219991509337,161,347,17,70,70.0,70
15x15,225,ciclos_5%,esquinas,10307,UCS,1.6037719997257227,0.43106199882458895,178,378,10,46,46.0,46
15x15,225,ciclos_5%,esquinas,10307,Bidireccional,1.6037719997257227,0.3540259986039018,123,266,13,46,46.0,46
15x15,225,ciclos_5%,esquinas,10307,Lee,1.6037719997257227,0.22139800057630055,173,368,10,46,46.0,46
15x15,225,ciclos_5%,interior,10307,BFS,1.6037719997257227,0.34564599991426803,143,303,10,42,42.0,42
15x15,225,ciclos_5%,interior,10307,DFS,1.6037719997257227,0.3336329991725506,145,314,17,68,68.0,68
15x15,225,ciclos_5%,interior,10307,UCS,1.6037719997257227,0.3528399993228959,148,313,10,42,42.0,42
15x15,225,ciclos_5%,interior,10307,Bidireccional,1.6037719997257227,0.24507400121365208,119,258,16,42,42.0,42
15x15,225,ciclos_5%,interior,10307,Lee,1.6037719997257227,0.2227950008091284,146,308,10,42,42.0,42
15x15,225,ciclos_5%,esquinas,10408,BFS,1.5773720006109215,0.40857400017557666,190,402,14,40,40.0,40
15x15,225,ciclos_5%,esquinas,10408,DFS,1.5773720006109215,0.4309920004743617,209,439,16,48,48.0,48
15x15,225,ciclos_5%,esquinas,10408,UCS,1.5773720006109215,0.4932209994876757,195,413,14,40,40.0,40
15x15,225,ciclos_5%,esquinas,10408,Bidireccional,1.5773720006109215,0.24311800007126294,118,251,13,40,40.0,40
15x15,225,ciclos_5%,esquinas,10408,Lee,1.5773720006109215,0.2679819990589749,191,404,13,40,40.0,40
15x15,225,ciclos_5%,interior,10408,BFS,1.5773720006109215,0.48923999929684214,180,379,12,38,38.0,38
15x15,225,ciclos_5%,interior,10408,DFS,1.5773720006109215,0.16175299970200285,78,166,9,38,38.0,38
15x15,225,ciclos_5%,interior,10408,UCS,1.5773720006109215,0.5299580006976612,184,388,12,38,38.0,38
15x15,225,ciclos_5%,interior,10408,Bidireccional,1.5773720006109215,0.37127699943084735,117,245,12,38,38.0,38
15x15,225,ciclos_5%,interior,10408,Lee,1.5773720006109215,0.24954299988166895,184,388,10,38,38.0,38
15x15,225,ciclos_5%,esquinas,10509,BFS,1.8651880000106758,0.5554500003199792,179,377,10,42,42.0,42
15x15,225,ciclos_5%,esquinas,10509,DFS,1.8651880000106758,0.3174999983457383,91,191,8,74,74.0,74
15x15,225,ciclos_5%,esquinas,10509,UCS,1.8651880000106758,0.4514560005191015,182,384,10,42,42.0,42
15x15,225,ciclos_5%,esquinas,10509,Bidireccional,1.8651880000106758,0.3894359997502761,168,355,19,42,42.0,42
15x15,225,ciclos_5%,esquinas,10509,Lee,1.8651880000106758,0.34718200004135724,179,377,10,42,42.0,42
15x15,225,ciclos_5%,interior,10509,BFS,1.8651880000106758,0.7030950000626035,170,357,11,38,38.0,38
15x15,225,ciclos_5%,interior,10509,DFS,1.8651880000106758,0.4026360002171714,172,363,8,66,66.0,66
15x15,225,ciclos_5%,interior,10509,UCS,1.8651880000106758,0.5854819992237026,172,364,11,38,38.0,38
15x15,225,ciclos_5%,interior,10509,Bidireccional,1.8651880000106758,0.3472520002105739,168,356,19,38,38.0,38
15x15,225,ciclos_5%,interior,10509,Lee,1.8651880000106758,0.19793100000242703,170,359,10,38,38.0,38
15x15,225,ciclos_5%,esquinas,10610,BFS,1.6701209988241317,0.4894499998044921,195,413,9,42,42.0,42
15x15,225,ciclos_5%,esquinas,10610,DFS,1.6701209988241317,0.2892840002459707,130,277,13,60,60.0,60
15x15,225,ciclos_5%,esquinas,10610,UCS,1.6701209988241317,0.5118680001032772,199,421,9,42,42.0,42
15x15,225,ciclos_5%,esquinas,10610,Bidireccional,1.6701209988241317,0.28746799944201484,109,232,14,42,42.0,42
15x15,225,ciclos_5%,esquinas,10610,Lee,1.6701209988241317,0.308699000015622,198,420,8,42,42.0,42
15x15,225,ciclos_5%,interior,10610,BFS,1.6701209988241317,0.37106799936736934,180,384,8,36,36.0,36
15x15,225,ciclos_5%,interior,10610,DFS,1.6701209988241317,0.20596300055331085,100,217,13,50,50.0,50
15x15,225,ciclos_5%,interior,10610,UCS,1.6701209988241317,0.44195800001034513,186,398,9,36,36.0,36
15x15,225,ciclos_5%,interior,10610,Bidireccional,1.6701209988241317,0.2867700004571816,101,217,14,36,36.0,36
15x15,225,ciclos_5%,interior,10610,Lee,1.6701209988241317,0.21657799879903905,184,394,8,36,36.0,36
15x15,225,ciclos_5%,esquinas,10711,BFS,1.249954000741127,0.4193980003037723,213,448,13,36,36.0,36
15x15,225,ciclos_5%,esquinas,10711,DFS,1.249954000741127,0.3849660006380873,186,395,15,50,50.0,50
15x15,225,ciclos_5%,esquinas,10711,UCS,1.249954000741127,0.5764720008301083,215,453,13,36,36.0,36
15x15,225,ciclos_5%,esquinas,10711,Bidireccional,1.249954000741127,0.3959320001740707,119,254,12,36,36.0,36
15x15,225,ciclos_5%,esquinas,10711,Lee,1.249954000741127,0.2583440000307746,213,448,13,36,36.0,36
15x15,225,ciclos_5%,interior,10711,BFS,1.249954000741127,0.38266199953795876,175,373,14,26,26.0,26
15x15,225,ciclos_5%,interior,10711,DFS,1.249954000741127,0.6512719992315397,173,370,14,42,42.0,42
15x15,225,ciclos_5%,interior,10711,UCS,1.249954000741127,0.6993239985604305,182,387,14,26,26.0,26
15x15,225,ciclos_5%,interior,10711,Bidireccional,1.249954000741127,0.3502550007397076,118,250,17,26,26.0,26
15x15,225,ciclos_5%,interior,10711,Lee,1.249954000741127,0.22684599935018923,178,379,13,26,26.0,26
15x15,225,ciclos_5%,esquinas,10812,BFS,2.8954210010851966,0.6901749984535854,216,454,9,42,42.0,42
15x15,225,ciclos_5%,esquinas,10812,DFS,2.8954210010851966,0.277201001154026,135,286,14,54,54.0,54
15x15,225,ciclos_5%,esquinas,10812,UCS,2.8954210010851966,0.5756339996878523,218,456,9,42,42.0,42
15x15,225,ciclos_5%,esquinas,10812,Bidireccional,2.8954210010851966,0.44845199954579584,169,363,17,42,42.0,42
15x15,225,ciclos_5%,esquinas,10812,Lee,2.8954210010851966,0.2756649992079474,217,455,9,42,42.0,42
15x15,225,ciclos_5%,interior,10812,BFS,2.8954210010851966,0.4582999990816461,195,409,11,34,34.0,34
15x15,225,ciclos_5%,interior,10812,DFS,2.8954210010851966,0.2026799993473105,85,180,10,40,40.0,40
15x15,225,ciclos_5%,interior,10812,UCS,2.8954210010851966,0.5557989989029011,200,418,11,34,34.0,34
15x15,225,ciclos_5%,interior,10812,Bidireccional,2.8954210010851966,0.5060020012024324,159,343,17,34,34.0,34
15x15,225,ciclos_5%,interior,10812,Lee,2.8954210010851966,0.2871890010283096,198,415,10,34,34.0,34
15x15,225,ciclos_5%,esquinas,10913,BFS,1.6760569997131824,0.26958799935528077,132,279,6,42,42.0,42
15x15,225,ciclos_5%,esquinas,10913,DFS,1.6760569997131824,0.17879400002129842,78,164,9,50,50.0,50
15x15,225,ciclos_5%,esquinas,10913,UCS,1.6760569997131824,0.5758440001955023,137,289,6,42,42.0,42
15x15,225,ciclos_5%,esquinas,10913,Bidireccional,1.6760569997131824,0.2781790008157259,98,207,11,42,42.0,42
15x15,225,ciclos_5%,esquinas,10913,Lee,1.6760569997131824,0.1667120013735257,136,287,6,42,42.0,42
15x15,225,ciclos_5%,interior,10913,BFS,1.6760569997131824,0.4175829999439884,201,420,10,52,52.0,52
15x15,225,ciclos_5%,interior,10913,DFS,1.6760569997131824,0.28034400020260364,138,293,16,52,52.0,52
15x15,225,ciclos_5%,interior,10913,UCS,1.6760569997131824,0.4753419998451136,202,424,10,52,52.0,52
15x15,225,ciclos_5%,interior,10913,Bidireccional,1.6760569997131824,0.31344899980467744,152,320,14,52,52.0,52
15x15,225,ciclos_5%,interior,10913,Lee,1.6760569997131824,0.23934700038807932,201,421,10,52,52.0,52
15x15,225,ciclos_5%,esquinas,11014,BFS,1.4346850002766587,0.5393160008679843,212,443,13,40,40.0,40
15x15,225,ciclos_5%,esquinas,11014,DFS,1.4346850002766587,0.2873979992727982,113,243,12,74,74.0,74
15x15,225,ciclos_5%,esquinas,11014,UCS,1.4346850002766587,0.6657300000370014,212,444,13,40,40.0,40
15x15,225,ciclos_5%,esquinas,11014,Bidireccional,1.4346850002766587,0.3258110009483062,113,241,14,40,40.0,40
15x15,225,ciclos_5%,esquinas,11014,Lee,1.4346850002766587,0.2921470004366711,212,444,11,40,40.0,40
15x15,225,ciclos_5%,interior,11014,BFS,1.4346850002766587,0.2285210011905292,93,194,12,16,16.0,16
15x15,225,ciclos_5%,interior,11014,DFS,1.4346850002766587,0.31198199940263294,133,285,13,42,42.0,42
15x15,225,ciclos_5%,interior,11014,UCS,1.4346850002766587,0.36317600097390823,99,206,12,16,16.0,16
15x15,225,ciclos_5%,interior,11014,Bidireccional,1.4346850002766587,0.18738499966275413,63,140,15,16,16.0,16
15x15,225,ciclos_5%,interior,11014,Lee,1.4346850002766587,0.15497800086450297,95,197,10,16,16.0,16
15x15,225,ciclos_10%,esquinas,10105,BFS,2.425037999273627,0.5854120008734753,160,353,10,30,30.0,30
15x15,225,ciclos_10%,esquinas,10105,DFS,2.425037999273627,0.2843940001184819,119,263,13,52,52.0,52
15x15,225,ciclos_10%,esquinas,10105,UCS,2.425037999273627,0.44028099910065066,167,367,10,30,30.0,30
15x15,225,ciclos_10%,esquinas,10105,Bidireccional,2.425037999273627,0.3068839996558381,138,311,18,30,30.0,30
15x15,225,ciclos_10%,esquinas,10105,Lee,2.425037999273627,0.26134699874091893,164,362,9,30,30.0,30
15x15,225,ciclos_10%,interior,10105,BFS,2.425037999273627,0.603919999775826,177,395,14,30,30.0,30
15x15,225,ciclos_10%,interior,10105,DFS,2.425037999273627,0.4330179999669781,145,324,17,56,56.0,56
15x15,225,ciclos_10%,interior,10105,UCS,2.425037999273627,0.4878430008830037,189,419,14,30,30.0,30
15x15,225,ciclos_10%,interior,10105,Bidireccional,2.425037999273627,0.3671570011647418,152,343,18,30,30.0,30
15x15,225,ciclos_10%,interior,10105,Lee,2.425037999273627,0.2256579991808394,187,415,14,30,30.0,30
15x15,225,ciclos_10%,esquinas,10206,BFS,1.6672580004524207,0.5556590003834572,199,439,11,42,42.0,42
15x15,225,ciclos_10%,esquinas,10206,DFS,1.6672580004524207,0.19206400065741036,70,154,13,60,60.0,60
15x15,225,ciclos_10%,esquinas,10206,UCS,1.6672580004524207,0.7903960013209144,203,447,11,42,42.0,42
15x15,225,ciclos_10%,esquinas,10206,Bidireccional,1.6672580004524207,0.33181800063175615,136,303,13,42,42.0,42
15x15,225,ciclos_10%,esquinas,10206,Lee,1.6672580004524207,0.26672500098356977,199,439,9,42,42.0,42
15x15,225,ciclos_10%,interior,10206,BFS,1.6672580004524207,0.5326819991751108,221,481,11,44,44.0,44
15x15,225,ciclos_10%,interior,10206,DFS,1.6672580004524207,0.33859100039990153,163,357,24,58,58.0,58
15x15,225,ciclos_10%,interior,10206,UCS,1.6672580004524207,0.5812910003442084,223,486,11,44,44.0,44
15x15,225,ciclos_10%,interior,10206,Bidireccional,1.6672580004524207,0.34096600029442925,158,350,16,44,44.0,44
15x15,225,ciclos_10%,interior,10206,Lee,1.6672580004524207,0.2739179999480257,221,482,10,44,44.0,44
15x15,225,ciclos_10%,esquinas,10307,BFS,1.9137279996357393,0.5770309999206802,207,453,14,40,40.0,40
15x15,225,ciclos_10%,esquinas,10307,DFS,1.9137279996357393,0.5467889986903174,183,406,24,54,54.0,54
15x15,225,ciclos_10%,esquinas,10307,UCS,1.9137279996357393,0.6457550007326063,211,464,14,40,40.0,40
15x15,225,ciclos_10%,esquinas,10307,Bidireccional,1.9137279996357393,0.30709299971931614,140,311,18,40,40.0,40
15x15,225,ciclos_10%,esquinas,10307,Lee,1.9137279996357393,0.2725220001593698,208,457,13,40,40.0,40
15x15,225,ciclos_10%,interior,10307,BFS,1.9137279996357393,0.4200969997327775,204,448,13,42,42.0,42
15x15,225,ciclos_10%,interior,10307,DFS,1.9137279996357393,0.18982900110131595,88,199,16,60,60.0,60
15x15,225,ciclos_10%,interior,10307,UCS,1.9137279996357393,0.5121480007801438,208,457,13,42,42.0,42
15x15,225,ciclos_10%,interior,10307,Bidireccional,1.9137279996357393,0.37071800034027547,155,346,19,42,42.0,42
15x15,225,ciclos_10%,interior,10307,Lee,1.9137279996357393,0.25031299992406275,208,457,12,42,42.0,42
15x15,225,ciclos_10%,esquinas,10408,BFS,1.6627869990770705,0.5471389995364007,219,479,12,38,38.0,38
15x15,225,ciclos_10%,esquinas,10408,DFS,1.6627869990770705,0.34508699900470674,98,219,14,64,64.0,64
15x15,225,ciclos_10%,esquinas,10408,UCS,1.6627869990770705,0.6407960008800728,222,485,12,38,38.0,38
15x15,225,ciclos_10%,esquinas,10408,Bidireccional,1.6627869990770705,0.4753419998451136,140,310,16,38,38.0,38
15x15,225,ciclos_10%,esquinas,10408,Lee,1.6627869990770705,0.38063600004534237,221,483,11,38,38.0,38
15x15,225,ciclos_10%,interior,10408,BFS,1.6627869990770705,0.4490810006245738,208,452,12,32,32.0,32
15x15,225,ciclos_10%,interior,10408,DFS,1.6627869990770705,0.14834400099061895,69,155,14,40,40.0,40
15x15,225,ciclos_10%,interior,10408,UCS,1.6627869990770705,0.5133349986863323,209,455,12,32,32.0,32
15x15,225,ciclos_10%,interior,10408,Bidireccional,1.6627869990770705,0.26358200011600275,125,277,15,32,32.0,32
15x15,225,ciclos_10%,interior,10408,Lee,1.6627869990770705,0.2519879999454133,208,453,12,32,32.0,32
15x15,225,ciclos_10%,esquinas,10509,BFS,1.3112750002619578,0.37386199983302504,183,404,10,40,40.0,40
15x15,225,ciclos_10%,esquinas,10509,DFS,1.3112750002619578,0.1921339990076376,92,204,8,66,66.0,66
15x15,225,ciclos_10%,esquinas,10509,UCS,1.3112750002619578,0.449569999545929,187,413,10,40,40.0,40
15x15,225,ciclos_10%,esquinas,10509,Bidireccional,1.3112750002619578,0.3895760000887094,186,409,19,40,40.0,40
15x15,225,ciclos_10%,esquinas,10509,Lee,1.3112750002619578,0.23515599968959577,183,404,9,40,40.0,40
15x15,225,ciclos_10%,interior,10509,BFS,1.3112750002619578,0.39718899824947584,174,383,9,36,36.0,36
15x15,225,ciclos_10%,interior,10509,DFS,1.3112750002619578,0.3643630006990861,173,382,8,58,58.0,58
15x15,225,ciclos_10%,interior,10509,UCS,1.3112750002619578,0.5309360003593611,176,390,9,36,36.0,36
15x15,225,ciclos_10%,interior,10509,Bidireccional,1.3112750002619578,0.4573919995891629,168,374,18,36,36.0,36
15x15,225,ciclos_10%,interior,10509,Lee,1.3112750002619578,0.23892799981695134,174,385,9,36,36.0,36
15x15,225,ciclos_10%,esquinas,10610,BFS,1.64085799951863,0.8088349986792309,221,482,9,42,42.0,42
15x15,225,ciclos_10%,esquinas,10610,DFS,1.64085799951863,1.6083110003819456,196,429,27,52,52.0,52
15x15,225,ciclos_10%,esquinas,10610,UCS,1.64085799951863,1.23333199917397,222,484,9,42,42.0,42
15x15,225,ciclos_10%,esquinas,10610,Bidireccional,1.64085799951863,0.3825919993687421,125,280,14,42,42.0,42
15x15,225,ciclos_10%,esquinas,10610,Lee,1.64085799951863,0.408713000069838,221,483,9,42,42.0,42
15x15,225,ciclos_10%,interior,10610,BFS,1.64085799951863,1.028415999826393,215,472,9,36,36.0,36
15x15,225,ciclos_10%,interior,10610,DFS,1.64085799951863,0.39586200000485405,173,381,26,46,46.0,46
15x15,225,ciclos_10%,interior,10610,UCS,1.64085799951863,0.5828969988215249,217,476,9,36,36.0,36
15x15,225,ciclos_10%,interior,10610,Bidireccional,1.64085799951863,0.49147499885293655,157,347,17,36,36.0,36
15x15,225,ciclos_10%,interior,10610,Lee,1.64085799951863,0.3501859991956735,216,474,9,36,36.0,36
15x15,225,ciclos_10%,esquinas,10711,BFS,1.5539739997620927,0.4539700003078906,219,479,17,30,30.0,30
15x15,225,ciclos_10%,esquinas,10711,DFS,1.5539739997620927,0.3506740013108356,164,361,22,68,68.0,68
15x15,225,ciclos_10%,esquinas,10711,UCS,1.5539739997620927,0.7246060013130773,220,481,17,30,30.0,30
15x15,225,ciclos_10%,esquinas,10711,Bidireccional,1.5539739997620927,0.2285919999849284,106,234,16,30,30.0,30
15x15,225,ciclos_10%,esquinas,10711,Lee,1.5539739997620927,0.2608579998195637,219,479,16,30,30.0,30
15x15,225,ciclos_10%,interior,10711,BFS,1.5539739997620927,0.3379640002094675,161,359,17,20,20.0,20
15x15,225,ciclos_10%,interior,10711,DFS,1.5539739997620927,0.2876779999496648,138,304,18,50,50.0,50
15x15,225,ciclos_10%,interior,10711,UCS,1.5539739997620927,0.43937299960816745,177,393,18,20,20.0,20
15x15,225,ciclos_10%,interior,10711,Bidireccional,1.5539739997620927,0.21092099996167235,101,226,18,20,20.0,20
15x15,225,ciclos_10%,interior,10711,Lee,1.5539739997620927,0.26581700149108656,167,373,17,20,20.0,20
15x15,225,ciclos_10%,esquinas,10812,BFS,2.055087999906391,0.515780000569066,182,403,13,30,30.0,30
15x15,225,ciclos_10%,esquinas,10812,DFS,2.055087999906391,0.32057299904408865,144,321,19,46,46.0,46
15x15,225,ciclos_10%,esquinas,10812,UCS,2.055087999906391,0.5349160001060227,190,421,13,30,30.0,30
15x15,225,ciclos_10%,esquinas,10812,Bidireccional,2.055087999906391,0.25981100043281913,118,260,16,30,30.0,30
15x15,225,ciclos_10%,esquinas,10812,Lee,2.055087999906391,0.24814700009301305,185,411,12,30,30.0,30
15x15,225,ciclos_10%,interior,10812,BFS,2.055087999906391,0.3161730001011165,134,299,12,22,22.0,22
15x15,225,ciclos_10%,interior,10812,DFS,2.055087999906391,0.19751199943129905,82,182,13,50,50.0,50
15x15,225,ciclos_10%,interior,10812,UCS,2.055087999906391,0.3840589997707866,145,323,12,22,22.0,22
15x15,225,ciclos_10%,interior,10812,Bidireccional,2.055087999906391,0.2248900000267895,106,236,18,22,22.0,22
15x15,225,ciclos_10%,interior,10812,Lee,2.055087999906391,0.18340400129090995,136,304,12,22,22.0,22
15x15,225,ciclos_10%,esquinas,10913,BFS,1.5220569985103793,0.41234400123357773,202,447,12,42,42.0,42
15x15,225,ciclos_10%,esquinas,10913,DFS,1.5220569985103793,0.1653849994909251,78,170,11,50,50.0,50
15x15,225,ciclos_10%,esquinas,10913,UCS,1.5220569985103793,0.5994500006636372,210,462,12,42,42.0,42
15x15,225,ciclos_10%,esquinas,10913,Bidireccional,1.5220569985103793,0.3506739994918462,136,298,14,42,42.0,42
15x15,225,ciclos_10%,esquinas,10913,Lee,1.5220569985103793,0.2677730008144863,209,460,12,42,42.0,42
15x15,225,ciclos_10%,interior,10913,BFS,1.5220569985103793,0.384059001589776,189,415,12,38,38.0,38
15x15,225,ciclos_10%,interior,10913,DFS,1.5220569985103793,0.11433000145188998,53,116,10,46,46.0,46
15x15,225,ciclos_10%,interior,10913,UCS,1.5220569985103793,0.5400840000220342,193,428,12,38,38.0,38
15x15,225,ciclos_10%,interior,10913,Bidireccional,1.5220569985103793,0.368275001164875,145,322,24,38,38.0,38
15x15,225,ciclos_10%,interior,10913,Lee,1.5220569985103793,0.23096599943528417,192,425,12,38,38.0,38
15x15,225,ciclos_10%,esquinas,11014,BFS,1.5405650010507088,0.4133219990762882,180,397,16,26,26.0,26
15x15,225,ciclos_10%,esquinas,11014,DFS,1.5405650010507088,0.3530490012053633,167,373,26,102,102.0,102
15x15,225,ciclos_10%,esquinas,11014,UCS,1.5405650010507088,0.6299009983194992,191,421,16,26,26.0,26
15x15,225,ciclos_10%,esquinas,11014,Bidireccional,1.5405650010507088,0.2715440004976699,95,211,16,26,26.0,26
15x15,225,ciclos_10%,esquinas,11014,Lee,1.5405650010507088,0.2235629999631783,180,398,15,26,26.0,26
15x15,225,ciclos_10%,interior,11014,BFS,1.5405650010507088,0.23655299992242362,97,213,13,16,16.0,16
15x15,225,ciclos_10%,interior,11014,DFS,1.5405650010507088,0.32532200020796154,127,289,21,86,86.0,86
15x15,225,ciclos_10%,interior,11014,UCS,1.5405650010507088,0.26484000045456924,108,238,13,16,16.0,16
15x15,225,ciclos_10%,interior,11014,Bidireccional,1.5405650010507088,0.15867999900365248,74,168,18,16,16.0,16
15x15,225,ciclos_10%,interior,11014,Lee,1.5405650010507088,0.11873000039486215,99,216,11,16,16.0,16
25x25,625,arbol,esquinas,10175,BFS,11.49724700007937,2.4126770003931597,612,1225,15,120,120.0,120
25x25,625,arbol,esquinas,10175,DFS,11.49724700007937,1.1317829994368367,310,630,15,120,120.0,120
25x25,625,arbol,esquinas,10175,UCS,11.49724700007937,1.7294160006713355,614,1230,15,120,120.0,120
25x25,625,arbol,esquinas,10175,Bidireccional,11.49724700007937,0.7364089997281553,324,658,17,120,120.0,120
25x25,625,arbol,esquinas,10175,Lee,11.49724700007937,0.7901179997134022,612,1226,14,120,120.0,120
25x25,625,arbol,interior,10175,BFS,11.49724700007937,0.9478189986111829,373,753,18,54,54.0,54
25x25,625,arbol,interior,10175,DFS,11.49724700007937,0.8501819993398385,351,705,13,54,54.0,54
25x25,625,arbol,interior,10175,UCS,11.49724700007937,0.9983850013668416,380,767,18,54,54.0,54
25x25,625,arbol,interior,10175,Bidireccional,11.49724700007937,0.4390240010252455,185,379,16,54,54.0,54
25x25,625,arbol,interior,10175,Lee,11.49724700007937,0.46954400022514164,376,759,17,54,54.0,54
25x25,625,arbol,esquinas,10276,BFS,11.805735999587341,1.5092060002643848,528,1059,11,110,110.0,110
25x25,625,arbol,esquinas,10276,DFS,11.805735999587341,1.7056010001397226,544,1099,15,110,110.0,110
25x25,625,arbol,esquinas,10276,UCS,11.805735999587341,2.1219259997451445,531,1066,11,110,110.0,110
25x25,625,arbol,esquinas,10276,Bidireccional,11.805735999587341,1.0795409998536343,309,627,13,110,110.0,110
25x25,625,arbol,esquinas,10276,Lee,11.805735999587341,0.8552100007364061,529,1061,11,110,110.0,110
25x25,625,arbol,interior,10276,BFS,11.805735999587341,1.6925399995670887,330,665,11,64,64.0,64
25x25,625,arbol,interior,10276,DFS,11.805735999587341,0.9448870005144272,288,584,13,64,64.0,64
25x25,625,arbol,interior,10276,UCS,11.805735999587341,1.226348000272992,335,676,11,64,64.0,64
25x25,625,arbol,interior,10276,Bidireccional,11.805735999587341,0.5382689996622503,230,470,16,64,64.0,64
25x25,625,arbol,interior,10276,Lee,11.805735999587341,0.5454620004456956,333,672,10,64,64.0,64
25x25,625,arbol,esquinas,10377,BFS,12.422927000443451,2.005289999942761,592,1187,13,124,124.0,124
25x25,625,arbol,esquinas,10377,DFS,12.422927000443451,1.241713000126765,333,678,17,124,124.0,124
25x25,625,arbol,esquinas,10377,UCS,12.422927000443451,2.0203760013828287,595,1194,13,124,124.0,124
25x25,625,arbol,esquinas,10377,Bidireccional,12.422927000443451,0.8432670001639053,404,821,21,124,124.0,124
25x25,625,arbol,esquinas,10377,Lee,12.422927000443451,0.9745000006660121,592,1187,12,124,124.0,124
25x25,625,arbol,interior,10377,BFS,12.422927000443451,1.4133139993646182,589,1181,9,164,164.0,164
25x25,625,arbol,interior,10377,DFS,12.422927000443451,0.7856470001570415,318,658,23,164,164.0,164
25x25,625,arbol,interior,10377,UCS,12.422927000443451,1.506411999798729,592,1187,9,164,164.0,164
25x25,625,arbol,interior,10377,Bidireccional,12.422927000443451,1.3813959994877223,555,1120,18,164,164.0,164
25x25,625,arbol,interior,10377,Lee,12.422927000443451,0.784179999754997,592,1187,8,164,164.0,164
25x25,625,arbol,esquinas,10478,BFS,8.70232699890039,0.8487850009260001,369,744,13,88,88.0,88
25x25,625,arbol,esquinas,10478,DFS,8.70232699890039,0.9455850013182499,434,877,16,88,88.0,88
25x25,625,arbol,esquinas,10478,UCS,8.70232699890039,1.0005500007537194,375,758,13,88,88.0,88
25x25,625,arbol,esquinas,10478,Bidireccional,8.70232699890039,0.6869620010547806,219,442,10,88,88.0,88
25x25,625,arbol,esquinas,10478,Lee,8.70232699890039,0.5157100003998494,369,744,12,88,88.0,88
25x25,625,arbol,interior,10478,BFS,8.70232699890039,1.3656820010510273,606,1212,13,114,114.0,114
25x25,625,arbol,interior,10478,DFS,8.70232699890039,0.9138770001300145,351,712,16,114,114.0,114
25x25,625,arbol,interior,10478,UCS,8.70232699890039,2.9294340001797536,606,1212,13,114,114.0,114
25x25,625,arbol,interior,10478,Bidireccional,8.70232699890039,1.7649660003371537,344,702,16,114,114.0,114
25x25,625,arbol,interior,10478,Lee,8.70232699890039,1.2822219996451167,606,1212,12,114,114.0,114
25x25,625,arbol,esquinas,10579,BFS,12.254118999408092,2.1987519994581817,542,1089,13,86,86.0,86
25x25,625,arbol,esquinas,10579,DFS,12.254118999408092,1.9154050005454337,513,1032,11,86,86.0,86
25x25,625,arbol,esquinas,10579,UCS,12.254118999408092,1.7094419999921229,547,1099,13,86,86.0,86
25x25,625,arbol,esquinas,10579,Bidireccional,12.254118999408092,0.613836999036721,284,576,13,86,86.0,86
25x25,625,arbol,esquinas,10579,Lee,12.254118999408092,0.680047000059858,542,1089,12,86,86.0,86
25x25,625,arbol,interior,10579,BFS,12.254118999408092,1.1594400002650218,512,1026,11,84,84.0,84
25x25,625,arbol,interior,10579,DFS,12.254118999408092,2.185273000577581,567,1140,15,84,84.0,84
25x25,625,arbol,interior,10579,UCS,12.254118999408092,1.761614001225098,515,1034,11,84,84.0,84
25x25,625,arbol,interior,10579,Bidireccional,12.254118999408092,0.7955649998621084,286,580,13,84,84.0,84
25x25,625,arbol,interior,10579,Lee,12.254118999408092,0.8259459991677431,514,1032,11,84,84.0,84
25x25,625,arbol,esquinas,10680,BFS,9.429099000044516,1.1314330004097428,510,1030,12,108,108.0,108
25x25,625,arbol,esquinas,10680,DFS,9.429099000044516,1.1713129988493165,558,1125,14,108,108.0,108
25x25,625,arbol,esquinas,10680,UCS,9.429099000044516,1.7804699982661987,521,1050,12,108,108.0,108
25x25,625,arbol,esquinas,10680,Bidireccional,9.429099000044516,0.5676720011251746,215,438,10,108,108.0,108
25x25,625,arbol,esquinas,10680,Lee,9.429099000044516,0.7345230005739722,511,1033,12,108,108.0,108
25x25,625,arbol,interior,10680,BFS,9.429099000044516,1.3575800003309269,508,1026,13,68,68.0,68
25x25,625,arbol,interior,10680,DFS,9.429099000044516,0.6258499997784384,235,475,10,68,68.0,68
25x25,625,arbol,interior,10680,UCS,9.429099000044516,2.020865000304184,518,1045,13,68,68.0,68
25x25,625,arbol,interior,10680,Bidireccional,9.429099000044516,0.9248420010408154,252,516,17,68,68.0,68
25x25,625,arbol,interior,10680,Lee,9.429099000044516,0.8617750008852454,511,1033,13,68,68.0,68
25x25,625,arbol,esquinas,10781,BFS,10.055087999717216,1.221108999743592,522,1046,10,132,132.0,132
25x25,625,arbol,esquinas,10781,DFS,10.055087999717216,1.1630709996097721,462,934,17,132,132.0,132
25x25,625,arbol,esquinas,10781,UCS,10.055087999717216,1.3268500006233808,524,1051,10,132,132.0,132
25x25,625,arbol,esquinas,10781,Bidireccional,10.055087999717216,0.9276349992433097,381,776,17,132,132.0,132
25x25,625,arbol,esquinas,10781,Lee,10.055087999717216,1.1718710011336952,522,1046,10,132,132.0,132
25x25,625,arbol,interior,10781,BFS,10.055087999717216,1.3216119987191632,388,783,9,90,90.0,90
25x25,625,arbol,interior,10781,DFS,10.055087999717216,0.6894759990245802,203,417,13,90,90.0,90
25x25,625,arbol,interior,10781,UCS,10.055087999717216,0.9620670007279841,395,796,9,90,90.0,90
25x25,625,arbol,interior,10781,Bidireccional,10.055087999717216,0.6660790004389128,294,600,16,90,90.0,90
25x25,625,arbol,interior,10781,Lee,10.055087999717216,0.45718300134467427,392,790,9,90,90.0,90
25x25,625,arbol,esquinas,10882,BFS,8.935738000218407,1.6885590011952445,575,1150,9,180,180.0,180
25x25,625,arbol,esquinas,10882,DFS,8.935738000218407,1.054537000527489,285,582,14,180,180.0,180
25x25,625,arbol,esquinas,10882,UCS,8.935738000218407,2.1874370013392763,576,1153,9,180,180.0,180
25x25,625,arbol,esquinas,10882,Bidireccional,8.935738000218407,1.072207000106573,456,919,14,180,180.0,180
25x25,625,arbol,esquinas,10882,Lee,8.935738000218407,0.7546380002168007,576,1153,9,180,180.0,180
25x25,625,arbol,interior,10882,BFS,8.935738000218407,0.8600990004197229,437,875,9,106,106.0,106
25x25,625,arbol,interior,10882,DFS,8.935738000218407,0.49908700020750985,242,493,11,106,106.0,106
25x25,625,arbol,interior,10882,UCS,8.935738000218407,1.5693400000600377,439,879,9,106,106.0,106
25x25,625,arbol,interior,10882,Bidireccional,8.935738000218407,1.175923000118928,368,745,14,106,106.0,106
25x25,625,arbol,interior,10882,Lee,8.935738000218407,0.7766380003886297,439,879,9,106,106.0,106
25x25,625,arbol,esquinas,10983,BFS,11.150272999657318,1.054537000527489,455,914,9,94,94.0,94
25x25,625,arbol,esquinas,10983,DFS,11.150272999657318,0.9082200012926478,404,816,16,94,94.0,94
25x25,625,arbol,esquinas,10983,UCS,11.150272999657318,1.1715230011759559,460,924,9,94,94.0,94
25x25,625,arbol,esquinas,10983,Bidireccional,11.150272999657318,0.9022829999594251,345,702,16,94,94.0,94
25x25,625,arbol,esquinas,10983,Lee,11.150272999657318,0.852066999868839,458,920,9,94,94.0,94
25x25,625,arbol,interior,10983,BFS,11.150272999657318,0.6486890015366953,236,478,8,80,80.0,80
25x25,625,arbol,interior,10983,DFS,11.150272999657318,0.40556899875809904,193,393,8,80,80.0,80
25x25,625,arbol,interior,10983,UCS,11.150272999657318,0.6438689997594338,242,491,8,80,80.0,80
25x25,625,arbol,interior,10983,Bidireccional,11.150272999657318,0.4094810010428773,196,403,14,80,80.0,80
25x25,625,arbol,interior,10983,Lee,11.150272999657318,0.2878870000131428,241,489,8,80,80.0,80
25x25,625,arbol,esquinas,11084,BFS,8.22286499897018,1.2129380011174362,568,1140,8,212,212.0,212
25x25,625,arbol,esquinas,11084,DFS,8.22286499897018,0.9013750004669419,411,836,16,212,212.0,212
25x25,625,arbol,esquinas,11084,UCS,8.22286499897018,1.428818000931642,572,1147,8,212,212.0,212
25x25,625,arbol,esquinas,11084,Bidireccional,8.22286499897018,1.157484000941622,453,914,14,212,212.0,212
25x25,625,arbol,esquinas,11084,Lee,8.22286499897018,0.968632999502006,572,1147,8,212,212.0,212
25x25,625,arbol,interior,11084,BFS,8.22286499897018,0.7375269997282885,364,730,5,194,194.0,194
25x25,625,arbol,interior,11084,DFS,8.22286499897018,1.2056750001647742,567,1146,20,194,194.0,194
25x25,625,arbol,interior,11084,UCS,8.22286499897018,0.9784799985936843,366,735,5,194,194.0,194
25x25,625,arbol,interior,11084,Bidireccional,8.22286499897018,0.8002449994819472,365,733,10,194,194.0,194
25x25,625,arbol,interior,11084,Lee,8.22286499897018,0.6976469994697254,365,733,5,194,194.0,194
25x25,625,ciclos_5%,esquinas,10175,BFS,11.510796000948176,1.5458029993169475,622,1302,20,82,82.0,82
25x25,625,ciclos_5%,esquinas,10175,DFS,11.510796000948176,1.3813269997626776,608,1278,37,98,98.0,98
25x25,625,ciclos_5%,esquinas,10175,UCS,11.510796000948176,1.5595620006934041,623,1305,20,82,82.0,82
25x25,625,ciclos_5%,esquinas,10175,Bidireccional,11.510796000948176,0.7356410005741054,340,721,25,82,82.0,82
25x25,625,ciclos_5%,esquinas,10175,Lee,11.510796000948176,0.9124799998971866,622,1303,19,82,82.0,82
25x25,625,ciclos_5%,interior,10175,BFS,11.510796000948176,0.8679910006321734,380,806,20,32,32.0,32
25x25,625,ciclos_5%,interior,10175,DFS,11.510796000948176,0.8293680002680048,348,749,41,194,194.0,194
25x25,625,ciclos_5%,interior,10175,UCS,11.510796000948176,1.510533000327996,392,836,20,32,32.0,32
25x25,625,ciclos_5%,interior,10175,Bidireccional,11.510796000948176,0.21518200082937256,97,217,19,32,32.0,32
25x25,625,ciclos_5%,interior,10175,Lee,11.510796000948176,0.5575450013566297,385,819,19,32,32.0,32
25x25,625,ciclos_5%,esquinas,10276,BFS,10.821179999766173,1.5239429994835518,584,1227,16,88,88.0,88
25x25,625,ciclos_5%,esquinas,10276,DFS,10.821179999766173,1.2549130005936604,379,818,47,236,236.0,236
25x25,625,ciclos_5%,esquinas,10276,UCS,10.821179999766173,2.6139600013266318,593,1244,16,88,88.0,88
25x25,625,ciclos_5%,esquinas,10276,Bidireccional,10.821179999766173,0.9010260000650305,358,754,22,88,88.0,88
25x25,625,ciclos_5%,esquinas,10276,Lee,10.821179999766173,0.7726570001977962,586,1231,15,88,88.0,88
25x25,625,ciclos_5%,interior,10276,BFS,10.821179999766173,1.1223540004721144,467,983,18,60,60.0,60
25x25,625,ciclos_5%,interior,10276,DFS,10.821179999766173,1.6777339988038875,543,1152,42,200,200.0,200
25x25,625,ciclos_5%,interior,10276,UCS,10.821179999766173,1.929373000166379,479,1011,18,60,60.0,60
25x25,625,ciclos_5%,interior,10276,Bidireccional,10.821179999766173,0.868409999384312,274,576,20,60,60.0,60
25x25,625,ciclos_5%,interior,10276,Lee,10.821179999766173,0.732987000446883,473,997,16,60,60.0,60
25x25,625,ciclos_5%,esquinas,10377,BFS,12.994789000003948,2.3427649994118838,622,1303,18,86,86.0,86
25x25,625,ciclos_5%,esquinas,10377,DFS,12.994789000003948,1.049997999871266,356,761,40,192,192.0,192
25x25,625,ciclos_5%,esquinas,10377,UCS,12.994789000003948,1.868052000645548,623,1305,18,86,86.0,86
25x25,625,ciclos_5%,esquinas,10377,Bidireccional,12.994789000003948,0.9859530000539962,407,872,25,86,86.0,86
25x25,625,ciclos_5%,esquinas,10377,Lee,12.994789000003948,0.8971150000434136,622,1303,18,86,86.0,86
25x25,625,ciclos_5%,interior,10377,BFS,12.994789000003948,1.1404430006223265,487,1027,18,62,62.0,62
25x25,625,ciclos_5%,interior,10377,DFS,12.994789000003948,0.9731030004331842,436,921,40,120,120.0,120
25x25,625,ciclos_5%,interior,10377,UCS,12.994789000003948,1.564031999805593,497,1048,18,62,62.0,62
25x25,625,ciclos_5%,interior,10377,Bidireccional,12.994789000003948,0.7058880000840873,330,704,26,62,62.0,62
25x25,625,ciclos_5%,interior,10377,Lee,12.994789000003948,0.5736789989896351,489,1031,15,62,62.0,62
25x25,625,ciclos_5%,esquinas,10478,BFS,9.952491000149166,1.3837700007570675,570,1198,16,74,74.0,74
25x25,625,ciclos_5%,esquinas,10478,DFS,9.952491000149166,1.1417690002417658,494,1053,29,140,140.0,140
25x25,625,ciclos_5%,esquinas,10478,UCS,9.952491000149166,1.689606000581989,574,1207,16,74,74.0,74
25x25,625,ciclos_5%,esquinas,10478,Bidireccional,9.952491000149166,0.7639969990123063,309,655,20,74,74.0,74
25x25,625,ciclos_5%,esquinas,10478,Lee,9.952491000149166,0.7036539991531754,572,1203,14,74,74.0,74
25x25,625,ciclos_5%,interior,10478,BFS,9.952491000149166,1.2980060000700178,590,1239,16,66,66.0,66
25x25,625,ciclos_5%,interior,10478,DFS,9.952491000149166,0.7096600002114428,338,726,30,142,142.0,142
25x25,625,ciclos_5%,interior,10478,UCS,9.952491000149166,1.5818409992789384,594,1247,16,66,66.0,66
25x25,625,ciclos_5%,interior,10478,Bidireccional,9.952491000149166,0.8623339999758173,319,671,25,66,66.0,66
25x25,625,ciclos_5%,interior,10478,Lee,9.952491000149166,1.0748610002337955,594,1247,15,66,66.0,66
25x25,625,ciclos_5%,esquinas,10579,BFS,12.015050999252708,1.5813530008017551,595,1255,22,66,66.0,66
25x25,625,ciclos_5%,esquinas,10579,DFS,12.015050999252708,0.9568990008119727,292,617,19,122,122.0,122
25x25,625,ciclos_5%,esquinas,10579,UCS,12.015050999252708,2.014229999986128,603,1269,22,66,66.0,66
25x25,625,ciclos_5%,esquinas,10579,Bidireccional,12.015050999252708,0.9577370001352392,365,779,27,66,66.0,66
25x25,625,ciclos_5%,esquinas,10579,Lee,12.015050999252708,1.0120739989361027,600,1264,20,66,66.0,66
25x25,625,ciclos_5%,interior,10579,BFS,12.015050999252708,0.5303770012687892,255,548,21,28,28.0,28
25x25,625,ciclos_5%,interior,10579,DFS,12.015050999252708,1.2326330015639542,594,1245,24,76,76.0,76
25x25,625,ciclos_5%,interior,10579,UCS,12.015050999252708,1.0465060004207771,272,588,22,28,28.0,28
25x25,625,ciclos_5%,interior,10579,Bidireccional,12.015050999252708,0.37358299960033037,151,339,26,28,28.0,28
25x25,625,ciclos_5%,interior,10579,Lee,12.015050999252708,0.49692299944581464,263,568,20,28,28.0,28
25x25,625,ciclos_5%,esquinas,10680,BFS,9.480222001002403,1.53665300058492,618,1294,21,104,104.0,104
25x25,625,ciclos_5%,esquinas,10680,DFS,9.480222001002403,0.991680000879569,427,902,40,166,166.0,166
25x25,625,ciclos_5%,esquinas,10680,UCS,9.480222001002403,1.6189269990718458,619,1297,21,104,104.0,104
25x25,625,ciclos_5%,esquinas,10680,Bidireccional,9.480222001002403,0.5544720006582793,245,530,20,104,104.0,104
25x25,625,ciclos_5%,esquinas,10680,Lee,9.480222001002403,0.8743460002733627,619,1297,20,104,104.0,104
25x25,625,ciclos_5%,interior,10680,BFS,9.480222001002403,0.9728229997563176,424,897,23,40,40.0,40
25x25,625,ciclos_5%,interior,10680,DFS,9.480222001002403,0.8658259994263062,414,867,33,88,88.0,88
25x25,625,ciclos_5%,interior,10680,UCS,9.480222001002403,1.2511410004663048,443,940,24,40,40.0,40
25x25,625,ciclos_5%,interior,10680,Bidireccional,9.480222001002403,0.4459390002011787,165,359,22,40,40.0,40
25x25,625,ciclos_5%,interior,10680,Lee,9.480222001002403,0.604130000283476,427,905,22,40,40.0,40
25x25,625,ciclos_5%,esquinas,10781,BFS,9.846471999480855,1.1108290000265697,531,1114,17,108,108.0,108
25x25,625,ciclos_5%,esquinas,10781,DFS,9.846471999480855,0.7804090000718134,386,817,27,138,138.0,138
25x25,625,ciclos_5%,esquinas,10781,UCS,9.846471999480855,1.5100439995876513,535,1122,17,108,108.0,108
25x25,625,ciclos_5%,esquinas,10781,Bidireccional,9.846471999480855,1.287877999857301,399,839,21,108,108.0,108
25x25,625,ciclos_5%,esquinas,10781,Lee,9.846471999480855,0.7903269997768803,531,1114,16,108,108.0,108
25x25,625,ciclos_5%,interior,10781,BFS,9.846471999480855,1.1732679995475337,448,937,15,86,86.0,86
25x25,625,ciclos_5%,interior,10781,DFS,9.846471999480855,0.2661660000740085,125,273,20,98,98.0,98
25x25,625,ciclos_5%,interior,10781,UCS,9.846471999480855,1.0940669999399688,453,947,15,86,86.0,86
25x25,625,ciclos_5%,interior,10781,Bidireccional,9.846471999480855,0.6155840001156321,293,624,18,86,86.0,86
25x25,625,ciclos_5%,interior,10781,Lee,9.846471999480855,0.5457419993035728,451,943,14,86,86.0,86
25x25,625,ciclos_5%,esquinas,10882,BFS,10.282702000040445,1.2547030000860104,538,1138,24,70,70.0,70
25x25,625,ciclos_5%,esquinas,10882,DFS,10.282702000040445,0.6593039997824235,233,504,23,140,140.0,140
25x25,625,ciclos_5%,esquinas,10882,UCS,10.282702000040445,1.5143040000111796,548,1160,24,70,70.0,70
25x25,625,ciclos_5%,esquinas,10882,Bidireccional,10.282702000040445,0.5822690000059083,265,570,22,70,70.0,70
25x25,625,ciclos_5%,esquinas,10882,Lee,10.282702000040445,0.7121040016500046,542,1146,23,70,70.0,70
25x25,625,ciclos_5%,interior,10882,BFS,10.282702000040445,1.3258719991426915,505,1072,24,52,52.0,52
25x25,625,ciclos_5%,interior,10882,DFS,10.282702000040445,0.4759699986607302,190,416,18,80,80.0,80
25x25,625,ciclos_5%,interior,10882,UCS,10.282702000040445,1.83732100049383,518,1100,24,52,52.0,52
25x25,625,ciclos_5%,interior,10882,Bidireccional,10.282702000040445,0.9195339989673812,289,621,30,52,52.0,52
25x25,625,ciclos_5%,interior,10882,Lee,10.282702000040445,0.8758830008446239,514,1092,23,52,52.0,52
25x25,625,ciclos_5%,esquinas,10983,BFS,11.668078999719,1.381465999656939,617,1293,26,74,74.0,74
25x25,625,ciclos_5%,esquinas,10983,DFS,11.668078999719,0.6599330008612014,255,540,22,110,110.0,110
25x25,625,ciclos_5%,esquinas,10983,UCS,11.668078999719,2.3420670004270505,619,1298,26,74,74.0,74
25x25,625,ciclos_5%,esquinas,10983,Bidireccional,11.668078999719,0.8947400001488859,307,656,24,74,74.0,74
25x25,625,ciclos_5%,esquinas,10983,Lee,11.668078999719,0.785857999289874,619,1298,24,74,74.0,74
25x25,625,ciclos_5%,interior,10983,BFS,11.668078999719,0.8120479997160146,409,871,22,78,78.0,78
25x25,625,ciclos_5%,interior,10983,DFS,11.668078999719,0.4614429999492131,174,373,18,104,104.0,104
25x25,625,ciclos_5%,interior,10983,UCS,11.668078999719,1.1347849995217985,429,916,25,78,78.0,78
25x25,625,ciclos_5%,interior,10983,Bidireccional,11.668078999719,0.6886379997013137,263,563,24,78,78.0,78
25x25,625,ciclos_5%,interior,10983,Lee,11.668078999719,0.7220219995360821,426,910,24,78,78.0,78
25x25,625,ciclos_5%,esquinas,11084,BFS,8.643729999675998,1.3341129997570533,524,1105,20,58,58.0,58
25x25,625,ciclos_5%,esquinas,11084,DFS,8.643729999675998,1.1942199998884462,551,1163,30,90,90.0,90
25x25,625,ciclos_5%,esquinas,11084,UCS,8.643729999675998,1.4955169990571449,533,1124,20,58,58.0,58
25x25,625,ciclos_5%,esquinas,11084,Bidireccional,8.643729999675998,0.90661300055217,285,609,24,58,58.0,58
25x25,625,ciclos_5%,esquinas,11084,Lee,8.643729999675998,0.6667079996987013,528,1113,19,58,58.0,58
25x25,625,ciclos_5%,interior,11084,BFS,8.643729999675998,0.7444410002790391,368,790,21,34,34.0,34
25x25,625,ciclos_5%,interior,11084,DFS,8.643729999675998,0.5459519998112228,259,551,30,134,134.0,134
25x25,625,ciclos_5%,interior,11084,UCS,8.643729999675998,1.1795539994636783,382,819,21,34,34.0,34
25x25,625,ciclos_5%,interior,11084,Bidireccional,8.643729999675998,0.42037599996547215,134,289,22,34,34.0,34
25x25,625,ciclos_5%,interior,11084,Lee,8.643729999675998,0.609997001447482,378,810,20,34,34.0,34
25x25,625,ciclos_10%,esquinas,10175,BFS,12.481452999054454,1.568431998748565,623,1361,23,66,66.0,66
25x25,625,ciclos_10%,esquinas,10175,DFS,12.481452999054454,1.4585709996026708,507,1126,55,158,158.0,158
25x25,625,ciclos_10%,esquinas,10175,UCS,12.481452999054454,3.0270030001702253,624,1364,23,66,66.0,66
25x25,625,ciclos_10%,esquinas,10175,Bidireccional,12.481452999054454,1.12570599958417,312,698,31,66,66.0,66
25x25,625,ciclos_10%,esquinas,10175,Lee,12.481452999054454,0.9386710007674992,623,1362,22,66,66.0,66
25x25,625,ciclos_10%,interior,10175,BFS,12.481452999054454,0.8254569984273985,336,743,21,28,28.0,28
25x25,625,ciclos_10%,interior,10175,DFS,12.481452999054454,1.5011039995442843,496,1103,61,138,138.0,138
25x25,625,ciclos_10%,interior,10175,UCS,12.481452999054454,1.3317379998625256,349,774,21,28,28.0,28
25x25,625,ciclos_10%,interior,10175,Bidireccional,12.481452999054454,0.415348000387894,172,395,34,28,28.0,28
25x25,625,ciclos_10%,interior,10175,Lee,12.481452999054454,0.4480339994188398,342,755,21,28,28.0,28
25x25,625,ciclos_10%,esquinas,10276,BFS,11.033638000299106,1.648121000471292,587,1289,20,70,70.0,70
25x25,625,ciclos_10%,esquinas,10276,DFS,11.033638000299106,1.211401000546175,481,1066,47,136,136.0,136
25x25,625,ciclos_10%,esquinas,10276,UCS,11.033638000299106,1.8890039991674712,592,1300,20,70,70.0,70
25x25,625,ciclos_10%,esquinas,10276,Bidireccional,11.033638000299106,1.3299930014909478,474,1040,30,70,70.0,70
25x25,625,ciclos_10%,esquinas,10276,Lee,11.033638000299106,0.7650440002180403,591,1298,18,70,70.0,70
25x25,625,ciclos_10%,interior,10276,BFS,11.033638000299106,1.0675280009309063,483,1066,21,42,42.0,42
25x25,625,ciclos_10%,interior,10276,DFS,11.033638000299106,0.97491900123714,446,994,62,228,228.0,228
25x25,625,ciclos_10%,interior,10276,UCS,11.033638000299106,1.3512949990399648,491,1084,21,42,42.0,42
25x25,625,ciclos_10%,interior,10276,Bidireccional,11.033638000299106,0.799336999989464,263,584,30,42,42.0,42
25x25,625,ciclos_10%,interior,10276,Lee,11.033638000299106,0.7340339998336276,488,1077,19,42,42.0,42
25x25,625,ciclos_10%,esquinas,10377,BFS,12.194753000585479,1.4923740000085672,622,1361,22,72,72.0,72
25x25,625,ciclos_10%,esquinas,10377,DFS,12.194753000585479,0.7338249997701496,322,726,51,180,180.0,180
25x25,625,ciclos_10%,esquinas,10377,UCS,12.194753000585479,2.0271510002203286,623,1363,22,72,72.0,72
25x25,625,ciclos_10%,esquinas,10377,Bidireccional,12.194753000585479,1.5337900003942195,325,728,26,72,72.0,72
25x25,625,ciclos_10%,esquinas,10377,Lee,12.194753000585479,2.130656001099851,622,1361,21,72,72.0,72
25x25,625,ciclos_10%,interior,10377,BFS,12.194753000585479,1.4909080000506947,500,1102,22,46,46.0,46
25x25,625,ciclos_10%,interior,10377,DFS,12.194753000585479,1.4454410011239816,583,1280,46,66,66.0,66
25x25,625,ciclos_10%,interior,10377,UCS,12.194753000585479,1.7504389998066472,515,1135,22,46,46.0,46
25x25,625,ciclos_10%,interior,10377,Bidireccional,12.194753000585479,0.6935960009286646,267,592,31,46,46.0,46
25x25,625,ciclos_10%,interior,10377,Lee,12.194753000585479,0.7227900005091215,507,1118,22,46,46.0,46
25x25,625,ciclos_10%,esquinas,10478,BFS,10.81601099940599,1.4990790004958399,557,1226,21,56,56.0,56
25x25,625,ciclos_10%,esquinas,10478,DFS,10.81601099940599,1.9182679989171447,590,1292,38,108,108.0,108
25x25,625,ciclos_10%,esquinas,10478,UCS,10.81601099940599,2.337877000172739,562,1239,21,56,56.0,56
25x25,625,ciclos_10%,esquinas,10478,Bidireccional,10.81601099940599,0.8432670001639053,306,674,21,56,56.0,56
25x25,625,ciclos_10%,esquinas,10478,Lee,10.81601099940599,0.8457109997834777,562,1239,21,56,56.0,56
25x25,625,ciclos_10%,interior,10478,BFS,10.81601099940599,1.4643680005974602,606,1327,23,56,56.0,56
25x25,625,ciclos_10%,interior,10478,DFS,10.81601099940599,0.738783999622683,326,720,28,74,74.0,74
25x25,625,ciclos_10%,interior,10478,UCS,10.81601099940599,2.341576999242534,607,1329,23,56,56.0,56
25x25,625,ciclos_10%,interior,10478,Bidireccional,10.81601099940599,1.4966350008762674,319,708,29,56,56.0,56
25x25,625,ciclos_10%,interior,10478,Lee,10.81601099940599,1.12689399975352,607,1329,23,56,56.0,56
25x25,625,ciclos_10%,esquinas,10579,BFS,12.463154998840764,2.5160419991152594,615,1349,24,64,64.0,64
25x25,625,ciclos_10%,esquinas,10579,DFS,12.463154998840764,0.9329429994977545,372,820,27,120,120.0,120
25x25,625,ciclos_10%,esquinas,10579,UCS,12.463154998840764,1.7281599994021235,618,1353,24,64,64.0,64
25x25,625,ciclos_10%,esquinas,10579,Bidireccional,12.463154998840764,0.8661749998282176,386,865,32,64,64.0,64
25x25,625,ciclos_10%,esquinas,10579,Lee,12.463154998840764,0.7767770002828911,617,1352,22,64,64.0,64
25x25,625,ciclos_10%,interior,10579,BFS,12.463154998840764,0.6704780007567024,274,608,24,28,28.0,28
25x25,625,ciclos_10%,interior,10579,DFS,12.463154998840764,1.3002410014451016,522,1142,37,82,82.0,82
25x25,625,ciclos_10%,interior,10579,UCS,12.463154998840764,0.829857999633532,291,650,24,28,28.0,28
25x25,625,ciclos_10%,interior,10579,Bidireccional,12.463154998840764,0.3520009995554574,157,365,28,28,28.0,28
25x25,625,ciclos_10%,interior,10579,Lee,12.463154998840764,0.3432710000197403,281,626,24,28,28.0,28
25x25,625,ciclos_10%,esquinas,10680,BFS,9.820491000937182,1.4526340000884375,615,1346,21,80,80.0,80
25x25,625,ciclos_10%,esquinas,10680,DFS,9.820491000937182,0.5990310000925092,271,611,37,156,156.0,156
25x25,625,ciclos_10%,esquinas,10680,UCS,9.820491000937182,1.9081410009675892,617,1351,21,80,80.0,80
25x25,625,ciclos_10%,esquinas,10680,Bidireccional,9.820491000937182,1.2697900001512608,359,814,29,80,80.0,80
25x25,625,ciclos_10%,esquinas,10680,Lee,9.820491000937182,0.9501240001554834,617,1351,20,80,80.0,80
25x25,625,ciclos_10%,interior,10680,BFS,9.820491000937182,1.255541999853449,521,1157,25,38,38.0,38
25x25,625,ciclos_10%,interior,10680,DFS,9.820491000937182,1.142467999670771,405,881,34,90,90.0,90
25x25,625,ciclos_10%,interior,10680,UCS,9.820491000937182,1.5339299989136634,535,1184,25,38,38.0,38
25x25,625,ciclos_10%,interior,10680,Bidireccional,9.820491000937182,0.669291999656707,267,595,27,38,38.0,38
25x25,625,ciclos_10%,interior,10680,Lee,9.820491000937182,0.7544290001533227,524,1165,25,38,38.0,38
25x25,625,ciclos_10%,esquinas,10781,BFS,11.836396999569843,1.4850409988866886,622,1360,19,66,66.0,66
25x25,625,ciclos_10%,esquinas,10781,DFS,11.836396999569843,1.0945560006803134,450,1002,55,176,176.0,176
25x25,625,ciclos_10%,esquinas,10781,UCS,11.836396999569843,1.9545849991118303,622,1360,19,66,66.0,66
25x25,625,ciclos_10%,esquinas,10781,Bidireccional,11.836396999569843,1.2554709992400603,363,805,29,66,66.0,66
25x25,625,ciclos_10%,esquinas,10781,Lee,11.836396999569843,1.3924310005677398,622,1360,18,66,66.0,66
25x25,625,ciclos_10%,interior,10781,BFS,11.836396999569843,1.2706970010185614,468,1028,21,38,38.0,38
25x25,625,ciclos_10%,interior,10781,DFS,11.836396999569843,0.8904789992811857,313,710,50,168,168.0,168
25x25,625,ciclos_10%,interior,10781,UCS,11.836396999569843,1.4682790006190771,477,1048,21,38,38.0,38
25x25,625,ciclos_10%,interior,10781,Bidireccional,11.836396999569843,0.7825049997336464,300,674,33,38,38.0,38
25x25,625,ciclos_10%,interior,10781,Lee,11.836396999569843,0.7339650001085829,475,1044,19,38,38.0,38
25x25,625,ciclos_10%,esquinas,10882,BFS,13.952316001450527,1.636457000131486,594,1307,23,66,66.0,66
25x25,625,ciclos_10%,esquinas,10882,DFS,13.952316001450527,1.6913529998419108,597,1308,46,92,92.0,92
25x25,625,ciclos_10%,esquinas,10882,UCS,13.952316001450527,2.143507001164835,600,1319,23,66,66.0,66
25x25,625,ciclos_10%,esquinas,10882,Bidireccional,13.952316001450527,0.7801310002832906,294,661,27,66,66.0,66
25x25,625,ciclos_10%,esquinas,10882,Lee,13.952316001450527,0.9256800003640819,594,1308,22,66,66.0,66
25x25,625,ciclos_10%,interior,10882,BFS,13.952316001450527,0.7297739994100993,279,629,15,32,32.0,32
25x25,625,ciclos_10%,interior,10882,DFS,13.952316001450527,1.4442529991356423,608,1329,42,38,38.0,38
25x25,625,ciclos_10%,interior,10882,UCS,13.952316001450527,0.9554319985909387,290,655,16,32,32.0,32
25x25,625,ciclos_10%,interior,10882,Bidireccional,13.952316001450527,0.6248019999475218,222,502,28,32,32.0,32
25x25,625,ciclos_10%,interior,10882,Lee,13.952316001450527,0.4247760007274337,289,652,15,32,32.0,32
25x25,625,ciclos_10%,esquinas,10983,BFS,15.56244400126161,2.0962250000593485,612,1343,23,64,64.0,64
25x25,625,ciclos_10%,esquinas,10983,DFS,15.56244400126161,0.6075519995647483,196,444,41,148,148.0,148
25x25,625,ciclos_10%,esquinas,10983,UCS,15.56244400126161,2.2649610000371467,616,1351,23,64,64.0,64
25x25,625,ciclos_10%,esquinas,10983,Bidireccional,15.56244400126161,0.7716090003668796,304,681,31,64,64.0,64
25x25,625,ciclos_10%,esquinas,10983,Lee,15.56244400126161,0.9043790014402475,612,1344,20,64,64.0,64
25x25,625,ciclos_10%,interior,10983,BFS,15.56244400126161,0.9330140001111431,383,857,25,30,30.0,30
25x25,625,ciclos_10%,interior,10983,DFS,15.56244400126161,0.2758050013653701,106,238,18,80,80.0,80
25x25,625,ciclos_10%,interior,10983,UCS,15.56244400126161,1.7162860003736569,402,897,25,30,30.0,30
25x25,625,ciclos_10%,interior,10983,Bidireccional,15.56244400126161,0.6278059991018381,153,344,21,30,30.0,30
25x25,625,ciclos_10%,interior,10983,Lee,15.56244400126161,0.6458249990828335,390,872,24,30,30.0,30
25x25,625,ciclos_10%,esquinas,11084,BFS,11.507793000419042,1.463808999687899,577,1269,28,54,54.0,54
25x25,625,ciclos_10%,esquinas,11084,DFS,11.507793000419042,1.6407880011684028,509,1118,52,126,126.0,126
25x25,625,ciclos_10%,esquinas,11084,UCS,11.507793000419042,2.0691259996965528,583,1281,28,54,54.0,54
25x25,625,ciclos_10%,esquinas,11084,Bidireccional,11.507793000419042,0.8060420004767366,312,700,26,54,54.0,54
25x25,625,ciclos_10%,esquinas,11084,Lee,11.507793000419042,0.896625999303069,578,1270,26,54,54.0,54
25x25,625,ciclos_10%,interior,11084,BFS,11.507793000419042,1.0973500011459691,457,1022,29,34,34.0,34
25x25,625,ciclos_10%,interior,11084,DFS,11.507793000419042,1.0578900000837166,420,932,48,132,132.0,132
25x25,625,ciclos_10%,interior,11084,UCS,11.507793000419042,1.689327998974477,473,1056,29,34,34.0,34
25x25,625,ciclos_10%,interior,11084,Bidireccional,11.507793000419042,0.688985999659053,162,367,30,34,34.0,34
25x25,625,ciclos_10%,interior,11084,Lee,11.507793000419042,0.8322320009028772,471,1051,28,34,34.0,34
40x40,1600,arbol,esquinas,10280,BFS,65.24325400096131,3.1312760002037976,1176,2366,26,160,160.0,160
40x40,1600,arbol,esquinas,10280,DFS,65.24325400096131,3.2441399998788256,1273,2555,23,160,160.0,160
40x40,1600,arbol,esquinas,10280,UCS,65.24325400096131,4.643206000764621,1191,2398,26,160,160.0,160
40x40,1600,arbol,esquinas,10280,Bidireccional,65.24325400096131,2.049710001301719,592,1194,21,160,160.0,160
40x40,1600,arbol,esquinas,10280,Lee,65.24325400096131,1.9798690009338316,1180,2375,24,160,160.0,160
40x40,1600,arbol,interior,10280,BFS,65.24325400096131,3.069046999371494,1273,2561,26,118,118.0,118
40x40,1600,arbol,interior,10280,DFS,65.24325400096131,2.145113001461141,719,1448,21,118,118.0,118
40x40,1600,arbol,interior,10280,UCS,65.24325400096131,4.31285500053491,1288,2590,26,118,118.0,118
40x40,1600,arbol,interior,10280,Bidireccional,65.24325400096131,2.550474000599934,663,1342,26,118,118.0,118
40x40,1600,arbol,interior,10280,Lee,65.24325400096131,2.753433000179939,1282,2578,24,118,118.0,118
40x40,1600,arbol,esquinas,10381,BFS,61.48996800038731,4.0473879998899065,1560,3120,25,226,226.0,226
40x40,1600,arbol,esquinas,10381,DFS,61.48996800038731,1.3448689987853868,615,1252,25,226,226.0,226
40x40,1600,arbol,esquinas,10381,UCS,61.48996800038731,4.222131999995327,1561,3123,25,226,226.0,226
40x40,1600,arbol,esquinas,10381,Bidireccional,61.48996800038731,1.6479810001328588,782,1575,18,226,226.0,226
40x40,1600,arbol,esquinas,10381,Lee,61.48996800038731,2.136244000212173,1560,3121,23,226,226.0,226
40x40,1600,arbol,interior,10381,BFS,61.48996800038731,2.6386139998066938,1132,2279,25,122,122.0,122
40x40,1600,arbol,interior,10381,DFS,61.48996800038731,1.5677330011385493,654,1317,21,122,122.0,122
40x40,1600,arbol,interior,10381,UCS,61.48996800038731,2.9263610013003927,1147,2310,25,122,122.0,122
40x40,1600,arbol,interior,10381,Bidireccional,61.48996800038731,1.2710459996014833,587,1187,22,122,122.0,122
40x40,1600,arbol,interior,10381,Lee,61.48996800038731,1.6507050004292978,1141,2297,23,122,122.0,122
40x40,1600,arbol,esquinas,10482,BFS,55.47430499973416,3.7710249998781364,1283,2582,22,156,156.0,156
40x40,1600,arbol,esquinas,10482,DFS,55.47430499973416,2.78870300098788,1098,2208,23,156,156.0,156
40x40,1600,arbol,esquinas,10482,UCS,55.47430499973416,3.5845479997078655,1300,2615,22,156,156.0,156
40x40,1600,arbol,esquinas,10482,Bidireccional,55.47430499973416,1.632547000554041,760,1540,24,156,156.0,156
40x40,1600,arbol,esquinas,10482,Lee,55.47430499973416,1.7678990006970707,1284,2586,22,156,156.0,156
40x40,1600,arbol,interior,10482,BFS,55.47430499973416,2.0093419989279937,831,1673,17,114,114.0,114
40x40,1600,arbol,interior,10482,DFS,55.47430499973416,3.5993540004710667,1229,2465,21,114,114.0,114
40x40,1600,arbol,interior,10482,UCS,55.47430499973416,2.5751979992492124,843,1700,17,114,114.0,114
40x40,1600,arbol,interior,10482,Bidireccional,55.47430499973416,1.6625089992885478,676,1378,33,114,114.0,114
40x40,1600,arbol,interior,10482,Lee,55.47430499973416,1.1516880003910046,835,1681,16,114,114.0,114
40x40,1600,arbol,esquinas,10583,BFS,57.41303700051503,4.353223999714828,1547,3096,17,242,242.0,242
40x40,1600,arbol,esquinas,10583,DFS,57.41303700051503,2.8220880012668204,1160,2343,28,242,242.0,242
40x40,1600,arbol,esquinas,10583,UCS,57.41303700051503,4.380042999400757,1550,3103,17,242,242.0,242
40x40,1600,arbol,esquinas,10583,Bidireccional,57.41303700051503,1.5103929999895627,729,1469,18,242,242.0,242
40x40,1600,arbol,esquinas,10583,Lee,57.41303700051503,2.383622000706964,1547,3097,16,242,242.0,242
40x40,1600,arbol,interior,10583,BFS,57.41303700051503,3.1785589999344666,1301,2614,17,180,180.0,180
40x40,1600,arbol,interior,10583,DFS,57.41303700051503,2.9360690004978096,982,1986,25,180,180.0,180
40x40,1600,arbol,interior,10583,UCS,57.41303700051503,3.9586189996043686,1313,2638,17,180,180.0,180
40x40,1600,arbol,interior,10583,Bidireccional,57.41303700051503,1.573810000991216,699,1414,20,180,180.0,180
40x40,1600,arbol,interior,10583,Lee,57.41303700051503,1.7441529998905025,1307,2626,16,180,180.0,180
40x40,1600,arbol,esquinas,10684,BFS,50.12940200140292,4.022664001240628,1403,2815,16,236,236.0,236
40x40,1600,arbol,esquinas,10684,DFS,50.12940200140292,3.4189529997092905,1174,2363,25,236,236.0,236
40x40,1600,arbol,esquinas,10684,UCS,50.12940200140292,4.403229999297764,1412,2832,16,236,236.0,236
40x40,1600,arbol,esquinas,10684,Bidireccional,50.12940200140292,2.518905001124949,949,1911,22,236,236.0,236
40x40,1600,arbol,esquinas,10684,Lee,50.12940200140292,2.2749479994672583,1403,2815,15,236,236.0,236
40x40,1600,arbol,interior,10684,BFS,50.12940200140292,2.6305119990865933,1262,2529,16,182,182.0,182
40x40,1600,arbol,interior,10684,DFS,50.12940200140292,2.498022999134264,1049,2112,24,182,182.0,182
40x40,1600,arbol,interior,10684,UCS,50.12940200140292,3.47433800016006,1268,2541,16,182,182.0,182
40x40,1600,arbol,interior,10684,Bidireccional,50.12940200140292,2.024776000325801,965,1944,28,182,182.0,182
40x40,1600,arbol,interior,10684,Lee,50.12940200140292,1.4770790003240108,1263,2532,15,182,182.0,182
40x40,1600,arbol,esquinas,10785,BFS,57.828245999189676,3.491030000077444,1540,3085,14,330,330.0,330
40x40,1600,arbol,esquinas,10785,DFS,57.828245999189676,3.1565589997626375,1370,2765,32,330,330.0,330
40x40,1600,arbol,esquinas,10785,UCS,57.828245999189676,5.633210001178668,1545,3094,14,330,330.0,330
40x40,1600,arbol,esquinas,10785,Bidireccional,57.828245999189676,2.759019998848089,1027,2075,23,330,330.0,330
40x40,1600,arbol,esquinas,10785,Lee,57.828245999189676,3.5527000000001863,1541,3087,14,330,330.0,330
40x40,1600,arbol,interior,10785,BFS,57.828245999189676,2.6649439987522783,1129,2266,17,144,144.0,144
40x40,1600,arbol,interior,10785,DFS,57.828245999189676,2.8235539994057035,1176,2364,27,144,144.0,144
40x40,1600,arbol,interior,10785,UCS,57.828245999189676,3.320266998343868,1137,2283,17,144,144.0,144
40x40,1600,arbol,interior,10785,Bidireccional,57.828245999189676,1.5101839999260847,647,1312,25,144,144.0,144
40x40,1600,arbol,interior,10785,Lee,57.828245999189676,2.3768479986756574,1131,2271,16,144,144.0,144
40x40,1600,arbol,esquinas,10886,BFS,63.66106200039212,3.2520329987164587,1033,2069,15,146,146.0,146
40x40,1600,arbol,esquinas,10886,DFS,63.66106200039212,2.5453050002397504,987,1989,31,146,146.0,146
40x40,1600,arbol,esquinas,10886,UCS,63.66106200039212,3.2697019996703602,1037,2079,15,146,146.0,146
40x40,1600,arbol,esquinas,10886,Bidireccional,63.66106200039212,1.6871629995875992,638,1291,20,146,146.0,146
40x40,1600,arbol,esquinas,10886,Lee,63.66106200039212,1.477777999753016,1034,2073,14,146,146.0,146
40x40,1600,arbol,interior,10886,BFS,63.66106200039212,1.8757340003503487,935,1874,15,112,112.0,112
40x40,1600,arbol,interior,10886,DFS,63.66106200039212,2.0075259999430273,881,1772,28,112,112.0,112
40x40,1600,arbol,interior,10886,UCS,63.66106200039212,3.199721000783029,940,1887,15,112,112.0,112
40x40,1600,arbol,interior,10886,Bidireccional,63.66106200039212,1.6954740003711777,567,1154,24,112,112.0,112
40x40,1600,arbol,interior,10886,Lee,63.66106200039212,1.4738659992872272,936,1878,14,112,112.0,112
40x40,1600,arbol,esquinas,10987,BFS,55.7415889998083,2.7373699995223433,1273,2550,14,232,232.0,232
40x40,1600,arbol,esquinas,10987,DFS,55.7415889998083,3.1452450002689147,1244,2506,27,232,232.0,232
40x40,1600,arbol,esquinas,10987,UCS,55.7415889998083,4.333738001150778,1278,2562,14,232,232.0,232
40x40,1600,arbol,esquinas,10987,Bidireccional,55.7415889998083,2.0374870000523515,865,1747,20,232,232.0,232
40x40,1600,arbol,esquinas,10987,Lee,55.7415889998083,2.17870699998457,1275,2556,14,232,232.0,232
40x40,1600,arbol,interior,10987,BFS,55.7415889998083,2.1177360013098223,905,1812,14,128,128.0,128
40x40,1600,arbol,interior,10987,DFS,55.7415889998083,1.2755160005326616,599,1209,23,128,128.0,128
40x40,1600,arbol,interior,10987,UCS,55.7415889998083,2.395634999629692,908,1819,14,128,128.0,128
40x40,1600,arbol,interior,10987,Bidireccional,55.7415889998083,2.7455409999674885,828,1674,26,128,128.0,128
40x40,1600,arbol,interior,10987,Lee,55.7415889998083,1.7831240002124105,907,1817,13,128,128.0,128
40x40,1600,arbol,esquinas,11088,BFS,59.49326800146082,3.4370430003036745,1461,2924,16,218,218.0,218
40x40,1600,arbol,esquinas,11088,DFS,59.49326800146082,3.38019100126985,1353,2723,24,218,218.0,218
40x40,1600,arbol,esquinas,11088,UCS,59.49326800146082,3.799031001108233,1463,2929,16,218,218.0,218
40x40,1600,arbol,esquinas,11088,Bidireccional,59.49326800146082,2.882430999306962,1272,2561,27,218,218.0,218
40x40,1600,arbol,esquinas,11088,Lee,59.49326800146082,1.8491950013412861,1461,2925,16,218,218.0,218
40x40,1600,arbol,interior,11088,BFS,59.49326800146082,2.6747219999379013,1241,2493,19,148,148.0,148
40x40,1600,arbol,interior,11088,DFS,59.49326800146082,1.5216379997582408,633,1281,17,148,148.0,148
40x40,1600,arbol,interior,11088,UCS,59.49326800146082,3.7845050010218984,1253,2519,19,148,148.0,148
40x40,1600,arbol,interior,11088,Bidireccional,59.49326800146082,2.227736000349978,929,1878,33,148,148.0,148
40x40,1600,arbol,interior,11088,Lee,59.49326800146082,1.8100140005117282,1248,2509,18,148,148.0,148
40x40,1600,arbol,esquinas,11189,BFS,57.74352800108318,2.6007600008597365,1016,2040,17,180,180.0,180
40x40,1600,arbol,esquinas,11189,DFS,57.74352800108318,2.8602210004464723,1315,2643,27,180,180.0,180
40x40,1600,arbol,esquinas,11189,UCS,57.74352800108318,3.295263999461895,1024,2055,17,180,180.0,180
40x40,1600,arbol,esquinas,11189,Bidireccional,57.74352800108318,2.2504339995066402,956,1939,30,180,180.0,180
40x40,1600,arbol,esquinas,11189,Lee,57.74352800108318,1.5703169992775656,1016,2040,17,180,180.0,180
40x40,1600,arbol,interior,11189,BFS,57.74352800108318,1.9526999985828297,840,1682,20,108,108.0,108
40x40,1600,arbol,interior,11189,DFS,57.74352800108318,1.732560000164085,792,1593,25,108,108.0,108
40x40,1600,arbol,interior,11189,UCS,57.74352800108318,2.2487589994852897,842,1687,20,108,108.0,108
40x40,1600,arbol,interior,11189,Bidireccional,57.74352800108318,1.8005149995588,827,1682,35,108,108.0,108
40x40,1600,arbol,interior,11189,Lee,57.74352800108318,1.010328000120353,841,1685,19,108,108.0,108
40x40,1600,ciclos_5%,esquinas,10280,BFS,106.2166369993065,3.5462050000205636,1513,3179,26,114,114.0,114
40x40,1600,ciclos_5%,esquinas,10280,DFS,106.2166369993065,2.4191709999286104,1093,2329,76,308,308.0,308
40x40,1600,ciclos_5%,esquinas,10280,UCS,106.2166369993065,4.242873999828589,1527,3208,26,114,114.0,114
40x40,1600,ciclos_5%,esquinas,10280,Bidireccional,106.2166369993065,3.1293900010496145,1030,2190,44,114,114.0,114
40x40,1600,ciclos_5%,esquinas,10280,Lee,106.2166369993065,2.0709420005005086,1518,3189,25,114,114.0,114
40x40,1600,ciclos_5%,interior,10280,BFS,106.2166369993065,2.8560309983731713,1267,2667,29,84,84.0,84
40x40,1600,ciclos_5%,interior,10280,DFS,106.2166369993065,2.185131999794976,971,2076,72,330,330.0,330
40x40,1600,ciclos_5%,interior,10280,UCS,106.2166369993065,3.392204000192578,1286,2709,29,84,84.0,84
40x40,1600,ciclos_5%,interior,10280,Bidireccional,106.2166369993065,2.602716000183136,1044,2222,58,84,84.0,84
40x40,1600,ciclos_5%,interior,10280,Lee,106.2166369993065,2.076319000479998,1281,2698,28,84,84.0,84
40x40,1600,ciclos_5%,esquinas,10381,BFS,59.60627199965529,3.469029999905615,1563,3275,33,110,110.0,110
40x40,1600,ciclos_5%,esquinas,10381,DFS,59.60627199965529,1.6807370011520106,744,1597,71,334,334.0,334
40x40,1600,ciclos_5%,esquinas,10381,UCS,59.60627199965529,4.867955998633988,1568,3287,33,110,110.0,110
40x40,1600,ciclos_5%,esquinas,10381,Bidireccional,59.60627199965529,2.675768999324646,1017,2169,51,110,110.0,110
40x40,1600,ciclos_5%,esquinas,10381,Lee,59.60627199965529,2.817407999827992,1564,3278,33,110,110.0,110
40x40,1600,ciclos_5%,interior,10381,BFS,59.60627199965529,3.0816189992037835,1373,2885,37,70,70.0,70
40x40,1600,ciclos_5%,interior,10381,DFS,59.60627199965529,1.3545769998017931,578,1227,42,260,260.0,260
40x40,1600,ciclos_5%,interior,10381,UCS,59.60627199965529,5.52209200031939,1390,2923,37,70,70.0,70
40x40,1600,ciclos_5%,interior,10381,Bidireccional,59.60627199965529,2.135056000042823,813,1723,49,70,70.0,70
40x40,1600,ciclos_5%,interior,10381,Lee,59.60627199965529,2.0537609998427797,1381,2903,35,70,70.0,70
40x40,1600,ciclos_5%,esquinas,10482,BFS,55.355015998429735,3.82724700102699,1531,3220,31,130,130.0,130
40x40,1600,ciclos_5%,esquinas,10482,DFS,55.355015998429735,3.1742289993417216,1302,2759,88,262,262.0,262
40x40,1600,ciclos_5%,esquinas,10482,UCS,55.355015998429735,4.947924999214592,1543,3242,31,130,130.0,130
40x40,1600,ciclos_5%,esquinas,10482,Bidireccional,55.355015998429735,2.293317000294337,1001,2126,39,130,130.0,130
40x40,1600,ciclos_5%,esquinas,10482,Lee,55.355015998429735,1.8882360000134213,1535,3227,29,130,130.0,130
40x40,1600,ciclos_5%,interior,10482,BFS,55.355015998429735,2.426505001494661,1027,2175,27,78,78.0,78
40x40,1600,ciclos_5%,interior,10482,DFS,55.355015998429735,1.3237069997558137,596,1281,52,284,284.0,284
40x40,1600,ciclos_5%,interior,10482,UCS,55.355015998429735,2.6909949992841575,1052,2226,27,78,78.0,78
40x40,1600,ciclos_5%,interior,10482,Bidireccional,55.355015998429735,1.8016320009337505,849,1805,44,78,78.0,78
40x40,1600,ciclos_5%,interior,10482,Lee,55.355015998429735,1.377972999762278,1036,2193,25,78,78.0,78
40x40,1600,ciclos_5%,esquinas,10583,BFS,59.61898299938184,3.157395998641732,1270,2664,20,122,122.0,122
40x40,1600,ciclos_5%,esquinas,10583,DFS,59.61898299938184,1.331111001491081,644,1369,58,282,282.0,282
40x40,1600,ciclos_5%,esquinas,10583,UCS,59.61898299938184,3.7974249989929376,1281,2687,20,122,122.0,122
40x40,1600,ciclos_5%,esquinas,10583,Bidireccional,59.61898299938184,2.258676000565174,912,1914,38,122,122.0,122
40x40,1600,ciclos_5%,esquinas,10583,Lee,59.61898299938184,1.6094289985630894,1274,2674,18,122,122.0,122
40x40,1600,ciclos_5%,interior,10583,BFS,59.61898299938184,1.9922999999835156,1018,2132,18,106,106.0,106
40x40,1600,ciclos_5%,interior,10583,DFS,59.61898299938184,2.0411189998412738,729,1553,64,292,292.0,292
40x40,1600,ciclos_5%,interior,10583,UCS,59.61898299938184,2.7311529993312433,1032,2164,18,106,106.0,106
40x40,1600,ciclos_5%,interior,10583,Bidireccional,59.61898299938184,2.166275000490714,929,1956,36,106,106.0,106
40x40,1600,ciclos_5%,interior,10583,Lee,59.61898299938184,1.2966779995622346,1021,2141,17,106,106.0,106
40x40,1600,ciclos_5%,esquinas,10684,BFS,55.20373899889819,3.547321999576525,1534,3226,29,152,152.0,152
40x40,1600,ciclos_5%,esquinas,10684,DFS,55.20373899889819,3.77577399922302,1329,2800,68,192,192.0,192
40x40,1600,ciclos_5%,esquinas,10684,UCS,55.20373899889819,5.866131999937352,1548,3254,29,152,152.0,152
40x40,1600,ciclos_5%,esquinas,10684,Bidireccional,55.20373899889819,2.6307920015824493,963,2028,33,152,152.0,152
40x40,1600,ciclos_5%,esquinas,10684,Lee,55.20373899889819,2.4015010003495263,1536,3231,28,152,152.0,152
40x40,1600,ciclos_5%,interior,10684,BFS,55.20373899889819,3.9563139998790575,1410,2960,30,118,118.0,118
40x40,1600,ciclos_5%,interior,10684,DFS,55.20373899889819,0.8109299997158814,364,773,27,158,158.0,158
40x40,1600,ciclos_5%,interior,10684,UCS,55.20373899889819,3.76418000087142,1424,2988,30,118,118.0,118
40x40,1600,ciclos_5%,interior,10684,Bidireccional,55.20373899889819,2.813146998960292,1153,2433,43,118,118.0,118
40x40,1600,ciclos_5%,interior,10684,Lee,55.20373899889819,1.8973850001202663,1416,2971,29,118,118.0,118
40x40,1600,ciclos_5%,esquinas,10785,BFS,58.529455000098096,4.522031000306015,1590,3333,29,150,150.0,150
40x40,1600,ciclos_5%,esquinas,10785,DFS,58.529455000098096,1.5112310011318186,435,933,46,186,186.0,186
40x40,1600,ciclos_5%,esquinas,10785,UCS,58.529455000098096,5.0929850003740285,1591,3335,29,150,150.0,150
40x40,1600,ciclos_5%,esquinas,10785,Bidireccional,58.529455000098096,2.7852120001625735,1081,2296,49,150,150.0,150
40x40,1600,ciclos_5%,esquinas,10785,Lee,58.529455000098096,3.2824829995661275,1591,3335,28,150,150.0,150
40x40,1600,ciclos_5%,interior,10785,BFS,58.529455000098096,2.92426499981957,1120,2367,33,66,66.0,66
40x40,1600,ciclos_5%,interior,10785,DFS,58.529455000098096,2.264892000312102,906,1942,75,378,378.0,378
40x40,1600,ciclos_5%,interior,10785,UCS,58.529455000098096,3.4695189988269703,1142,2414,33,66,66.0,66
40x40,1600,ciclos_5%,interior,10785,Bidireccional,58.529455000098096,1.7062989991245558,723,1546,44,66,66.0,66
40x40,1600,ciclos_5%,interior,10785,Lee,58.529455000098096,1.5333019982790574,1123,2374,32,66,66.0,66
40x40,1600,ciclos_5%,esquinas,10886,BFS,66.29164399964793,3.862587000185158,1550,3251,32,110,110.0,110
40x40,1600,ciclos_5%,esquinas,10886,DFS,66.29164399964793,3.4987830003956333,1494,3145,68,142,142.0,142
40x40,1600,ciclos_5%,esquinas,10886,UCS,66.29164399964793,4.031742999359267,1556,3264,32,110,110.0,110
40x40,1600,ciclos_5%,esquinas,10886,Bidireccional,66.29164399964793,2.134846999979345,937,1994,46,110,110.0,110
40x40,1600,ciclos_5%,esquinas,10886,Lee,66.29164399964793,2.4237809993792325,1550,3252,29,110,110.0,110
40x40,1600,ciclos_5%,interior,10886,BFS,66.29164399964793,1.9964910006819991,940,1976,37,64,64.0,64
40x40,1600,ciclos_5%,interior,10886,DFS,66.29164399964793,2.0093419989279937,765,1643,77,386,386.0,386
40x40,1600,ciclos_5%,interior,10886,UCS,66.29164399964793,2.599781999379047,967,2034,37,64,64.0,64
40x40,1600,ciclos_5%,interior,10886,Bidireccional,66.29164399964793,1.3015669992455514,562,1200,44,64,64.0,64
40x40,1600,ciclos_5%,interior,10886,Lee,66.29164399964793,1.3600239999504993,952,2002,36,64,64.0,64
40x40,1600,ciclos_5%,esquinas,10987,BFS,61.69649000003119,4.4158720011182595,1373,2890,36,102,102.0,102
40x40,1600,ciclos_5%,esquinas,10987,DFS,61.69649000003119,2.8949319985258626,1164,2483,63,318,318.0,318
40x40,1600,ciclos_5%,esquinas,10987,UCS,61.69649000003119,3.9448610004910734,1378,2903,36,102,102.0,102
40x40,1600,ciclos_5%,esquinas,10987,Bidireccional,61.69649000003119,1.7550479988130974,779,1649,42,102,102.0,102
40x40,1600,ciclos_5%,esquinas,10987,Lee,61.69649000003119,2.3597359995619627,1374,2894,34,102,102.0,102
40x40,1600,ciclos_5%,interior,10987,BFS,61.69649000003119,2.2427519998018397,974,2057,29,70,70.0,70
40x40,1600,ciclos_5%,interior,10987,DFS,61.69649000003119,1.3434720003715483,279,591,20,116,116.0,116
40x40,1600,ciclos_5%,interior,10987,UCS,61.69649000003119,3.251543001169921,993,2095,29,70,70.0,70
40x40,1600,ciclos_5%,interior,10987,Bidireccional,61.69649000003119,1.766572999258642,759,1625,56,70,70.0,70
40x40,1600,ciclos_5%,interior,10987,Lee,61.69649000003119,1.3832119984726887,986,2082,27,70,70.0,70
40x40,1600,ciclos_5%,esquinas,11088,BFS,59.09698699906585,3.709004999109311,1470,3083,36,134,134.0,134
40x40,1600,ciclos_5%,esquinas,11088,DFS,59.09698699906585,3.754890998607152,1461,3071,44,194,194.0,194
40x40,1600,ciclos_5%,esquinas,11088,UCS,59.09698699906585,4.344703998867772,1474,3093,36,134,134.0,134
40x40,1600,ciclos_5%,esquinas,11088,Bidireccional,59.09698699906585,2.1635519988194574,830,1744,32,134,134.0,134
40x40,1600,ciclos_5%,esquinas,11088,Lee,59.09698699906585,2.6908550007647136,1470,3084,34,134,134.0,134
40x40,1600,ciclos_5%,interior,11088,BFS,59.09698699906585,2.9894280014559627,1273,2684,32,80,80.0,80
40x40,1600,ciclos_5%,interior,11088,DFS,59.09698699906585,3.104247998635401,1218,2555,43,150,150.0,150
40x40,1600,ciclos_5%,interior,11088,UCS,59.09698699906585,3.6118560001341393,1289,2719,32,80,80.0,80
40x40,1600,ciclos_5%,interior,11088,Bidireccional,59.09698699906585,1.4360820005094865,572,1211,37,80,80.0,80
40x40,1600,ciclos_5%,interior,11088,Lee,59.09698699906585,2.080021000438137,1286,2712,30,80,80.0,80
40x40,1600,ciclos_5%,esquinas,11189,BFS,62.85879300048691,3.313563000119757,1396,2944,31,110,110.0,110
40x40,1600,ciclos_5%,esquinas,11189,DFS,62.85879300048691,3.499829999782378,1117,2368,81,356,356.0,356
40x40,1600,ciclos_5%,esquinas,11189,UCS,62.85879300048691,3.9249559995369054,1411,2975,31,110,110.0,110
40x40,1600,ciclos_5%,esquinas,11189,Bidireccional,62.85879300048691,2.5812740004766965,1034,2197,49,110,110.0,110
40x40,1600,ciclos_5%,esquinas,11189,Lee,62.85879300048691,1.803238999855239,1397,2946,29,110,110.0,110
40x40,1600,ciclos_5%,interior,11189,BFS,62.85879300048691,2.077647000987781,1055,2235,32,60,60.0,60
40x40,1600,ciclos_5%,interior,11189,DFS,62.85879300048691,3.668986000775476,1543,3239,57,118,118.0,118
40x40,1600,ciclos_5%,interior,11189,UCS,62.85879300048691,3.8995330014586216,1076,2280,32,60,60.0,60
40x40,1600,ciclos_5%,interior,11189,Bidireccional,62.85879300048691,1.8039370006590616,716,1536,53,60,60.0,60
40x40,1600,ciclos_5%,interior,11189,Lee,62.85879300048691,1.6074030008894624,1067,2260,32,60,60.0,60
40x40,1600,ciclos_10%,esquinas,10280,BFS,60.601514000154566,3.5833609999826876,1568,3441,38,92,92.0,92
40x40,1600,ciclos_10%,esquinas,10280,DFS,60.601514000154566,3.1694089993834496,1337,2952,109,320,320.0,320
40x40,1600,ciclos_10%,esquinas,10280,UCS,60.601514000154566,4.750202999275643,1576,3458,38,92,92.0,92
40x40,1600,ciclos_10%,esquinas,10280,Bidireccional,60.601514000154566,2.1621549985866295,896,1980,53,92,92.0,92
40x40,1600,ciclos_10%,esquinas,10280,Lee,60.601514000154566,2.297995999470004,1569,3443,35,92,92.0,92
40x40,1600,ciclos_10%,interior,10280,BFS,60.601514000154566,3.3817280000221217,1281,2816,39,62,62.0,62
40x40,1600,ciclos_10%,interior,10280,DFS,60.601514000154566,3.512750998197589,1477,3250,114,212,212.0,212
40x40,1600,ciclos_10%,interior,10280,UCS,60.601514000154566,4.004295000413549,1304,2870,39,62,62.0,62
40x40,1600,ciclos_10%,interior,10280,Bidireccional,60.601514000154566,2.6553759998932946,918,2039,63,62,62.0,62
40x40,1600,ciclos_10%,interior,10280,Lee,60.601514000154566,2.03790599880449,1283,2822,37,62,62.0,62
40x40,1600,ciclos_10%,esquinas,10381,BFS,59.53566199968918,3.892548998919665,1589,3476,34,108,108.0,108
40x40,1600,ciclos_10%,esquinas,10381,DFS,59.53566199968918,2.60069000069052,958,2148,146,564,564.0,564
40x40,1600,ciclos_10%,esquinas,10381,UCS,59.53566199968918,5.122947000927525,1593,3488,34,108,108.0,108
40x40,1600,ciclos_10%,esquinas,10381,Bidireccional,59.53566199968918,2.955485000711633,1166,2583,53,108,108.0,108
40x40,1600,ciclos_10%,esquinas,10381,Lee,59.53566199968918,2.188135998949292,1590,3479,33,108,108.0,108
40x40,1600,ciclos_10%,interior,10381,BFS,59.53566199968918,3.8133480011310894,1526,3351,41,70,70.0,70
40x40,1600,ciclos_10%,interior,10381,DFS,59.53566199968918,2.7930329997616354,855,1916,131,536,536.0,536
40x40,1600,ciclos_10%,interior,10381,UCS,59.53566199968918,5.45267000052263,1539,3376,41,70,70.0,70
40x40,1600,ciclos_10%,interior,10381,Bidireccional,59.53566199968918,2.6361000000179047,983,2190,62,70,70.0,70
40x40,1600,ciclos_10%,interior,10381,Lee,59.53566199968918,2.09636399995361,1535,3370,39,70,70.0,70
40x40,1600,ciclos_10%,esquinas,10482,BFS,58.00627099961275,3.298617000837112,1465,3224,37,84,84.0,84
40x40,1600,ciclos_10%,esquinas,10482,DFS,58.00627099961275,3.2715880006435327,1340,2954,135,334,334.0,334
40x40,1600,ciclos_10%,esquinas,10482,UCS,58.00627099961275,4.175128000497352,1472,3240,37,84,84.0,84
40x40,1600,ciclos_10%,esquinas,10482,Bidireccional,58.00627099961275,3.8292030003503896,1006,2250,55,84,84.0,84
40x40,1600,ciclos_10%,esquinas,10482,Lee,58.00627099961275,2.5691909995657625,1467,3230,33,84,84.0,84
40x40,1600,ciclos_10%,interior,10482,BFS,58.00627099961275,2.750639998339466,1145,2533,44,50,50.0,50
40x40,1600,ciclos_10%,interior,10482,DFS,58.00627099961275,1.2367549988994142,471,1051,68,228,228.0,228
40x40,1600,ciclos_10%,interior,10482,UCS,58.00627099961275,3.8551140005438356,1182,2615,44,50,50.0,50
40x40,1600,ciclos_10%,interior,10482,Bidireccional,58.00627099961275,1.9142870005453005,720,1629,69,50,50.0,50
40x40,1600,ciclos_10%,interior,10482,Lee,58.00627099961275,2.07534200126247,1155,2553,43,50,50.0,50
40x40,1600,ciclos_10%,esquinas,10583,BFS,60.0392889991781,3.6153479995846283,1507,3309,33,104,104.0,104
40x40,1600,ciclos_10%,esquinas,10583,DFS,60.0392889991781,3.1228959996951744,1186,2609,127,458,458.0,458
40x40,1600,ciclos_10%,esquinas,10583,UCS,60.0392889991781,4.741333001220482,1523,3346,33,104,104.0,104
40x40,1600,ciclos_10%,esquinas,10583,Bidireccional,60.0392889991781,3.4129470004700124,866,1904,45,104,104.0,104
40x40,1600,ciclos_10%,esquinas,10583,Lee,60.0392889991781,2.5980360005632974,1511,3319,31,104,104.0,104
40x40,1600,ciclos_10%,interior,10583,BFS,60.0392889991781,3.5595440003817203,1190,2622,34,88,88.0,88
40x40,1600,ciclos_10%,interior,10583,DFS,60.0392889991781,3.4616259999893373,1422,3125,137,296,296.0,296
40x40,1600,ciclos_10%,interior,10583,UCS,60.0392889991781,3.3779560017137555,1223,2698,37,88,88.0,88
40x40,1600,ciclos_10%,interior,10583,Bidireccional,60.0392889991781,2.3873239988461137,926,2049,44,88,88.0,88
40x40,1600,ciclos_10%,interior,10583,Lee,60.0392889991781,1.6273780001938576,1214,2678,36,88,88.0,88
40x40,1600,ciclos_10%,esquinas,10684,BFS,54.60023900013766,3.502554000078817,1572,3447,36,116,116.0,116
40x40,1600,ciclos_10%,esquinas,10684,DFS,54.60023900013766,2.3517739991802955,946,2099,121,462,462.0,462
40x40,1600,ciclos_10%,esquinas,10684,UCS,54.60023900013766,5.1021350009250455,1577,3458,36,116,116.0,116
40x40,1600,ciclos_10%,esquinas,10684,Bidireccional,54.60023900013766,2.4466199993185,990,2195,48,116,116.0,116
40x40,1600,ciclos_10%,esquinas,10684,Lee,54.60023900013766,2.684290999241057,1573,3450,34,116,116.0,116
40x40,1600,ciclos_10%,interior,10684,BFS,54.60023900013766,3.0267229994933587,1316,2888,34,72,72.0,72
40x40,1600,ciclos_10%,interior,10684,DFS,54.60023900013766,2.2501549992739456,1038,2300,117,366,366.0,366
40x40,1600,ciclos_10%,interior,10684,UCS,54.60023900013766,4.7519489999103826,1339,2942,34,72,72.0,72
40x40,1600,ciclos_10%,interior,10684,Bidireccional,54.60023900013766,2.0656339984270744,836,1865,44,72,72.0,72
40x40,1600,ciclos_10%,interior,10684,Lee,54.60023900013766,1.86819099872082,1322,2905,32,72,72.0,72
40x40,1600,ciclos_10%,esquinas,10785,BFS,57.43350100055977,3.838491000351496,1580,3465,36,116,116.0,116
40x40,1600,ciclos_10%,esquinas,10785,DFS,57.43350100055977,1.0735350006143562,493,1102,64,224,224.0,224
40x40,1600,ciclos_10%,esquinas,10785,UCS,57.43350100055977,4.114296001716866,1584,3473,36,116,116.0,116
40x40,1600,ciclos_10%,esquinas,10785,Bidireccional,57.43350100055977,2.7945700003328966,1031,2284,55,116,116.0,116
40x40,1600,ciclos_10%,esquinas,10785,Lee,57.43350100055977,2.7061499986302806,1582,3469,34,116,116.0,116
40x40,1600,ciclos_10%,interior,10785,BFS,57.43350100055977,2.9956440012028906,1224,2721,43,58,58.0,58
40x40,1600,ciclos_10%,interior,10785,DFS,57.43350100055977,1.699315000223578,456,1028,72,228,228.0,228
40x40,1600,ciclos_10%,interior,10785,UCS,57.43350100055977,3.7451139996846905,1258,2790,43,58,58.0,58
40x40,1600,ciclos_10%,interior,10785,Bidireccional,57.43350100055977,1.7342350001854356,734,1637,53,58,58.0,58
40x40,1600,ciclos_10%,interior,10785,Lee,57.43350100055977,1.8403950016363524,1237,2747,40,58,58.0,58
40x40,1600,ciclos_10%,esquinas,10886,BFS,68.35902400052873,3.526648999468307,1517,3331,46,98,98.0,98
40x40,1600,ciclos_10%,esquinas,10886,DFS,68.35902400052873,2.497044999472564,1153,2539,102,306,306.0,306
40x40,1600,ciclos_10%,esquinas,10886,UCS,68.35902400052873,5.233646001215675,1527,3356,46,98,98.0,98
40x40,1600,ciclos_10%,esquinas,10886,Bidireccional,68.35902400052873,2.6198959985777037,1021,2267,54,98,98.0,98
40x40,1600,ciclos_10%,esquinas,10886,Lee,68.35902400052873,2.4297869986185106,1522,3345,41,98,98.0,98
40x40,1600,ciclos_10%,interior,10886,BFS,68.35902400052873,2.628487000038149,1197,2641,39,62,62.0,62
40x40,1600,ciclos_10%,interior,10886,DFS,68.35902400052873,2.7005629999621306,1245,2750,111,376,376.0,376
40x40,1600,ciclos_10%,interior,10886,UCS,68.35902400052873,3.7940019992674934,1216,2684,39,62,62.0,62
40x40,1600,ciclos_10%,interior,10886,Bidireccional,68.35902400052873,1.7514859991933918,735,1651,57,62,62.0,62
40x40,1600,ciclos_10%,interior,10886,Lee,68.35902400052873,1.4764510015083943,1207,2666,38,62,62.0,62
40x40,1600,ciclos_10%,esquinas,10987,BFS,56.73222299992631,3.4395559996482916,1585,3476,47,96,96.0,96
40x40,1600,ciclos_10%,esquinas,10987,DFS,56.73222299992631,2.2170499996718718,910,2050,116,386,386.0,386
40x40,1600,ciclos_10%,esquinas,10987,UCS,56.73222299992631,4.680292000557529,1588,3484,47,96,96.0,96
40x40,1600,ciclos_10%,esquinas,10987,Bidireccional,56.73222299992631,3.3227820003958186,851,1890,51,96,96.0,96
40x40,1600,ciclos_10%,esquinas,10987,Lee,56.73222299992631,2.763280999715789,1586,3479,45,96,96.0,96
40x40,1600,ciclos_10%,interior,10987,BFS,56.73222299992631,2.5979659985750914,1070,2355,38,64,64.0,64
40x40,1600,ciclos_10%,interior,10987,DFS,56.73222299992631,1.4590589998988435,562,1244,64,254,254.0,254
40x40,1600,ciclos_10%,interior,10987,UCS,56.73222299992631,3.397652000785456,1098,2417,38,64,64.0,64
40x40,1600,ciclos_10%,interior,10987,Bidireccional,56.73222299992631,2.1172470005694777,881,1989,75,64,64.0,64
40x40,1600,ciclos_10%,interior,10987,Lee,56.73222299992631,1.6662090001773322,1089,2397,37,64,64.0,64
40x40,1600,ciclos_10%,esquinas,11088,BFS,59.17737500021758,4.584749000059674,1578,3458,42,110,110.0,110
40x40,1600,ciclos_10%,esquinas,11088,DFS,59.17737500021758,3.494592001516139,1172,2604,112,476,476.0,476
40x40,1600,ciclos_10%,esquinas,11088,UCS,59.17737500021758,5.051499001638149,1581,3466,42,110,110.0,110
40x40,1600,ciclos_10%,esquinas,11088,Bidireccional,59.17737500021758,2.2933870004635537,943,2079,51,110,110.0,110
40x40,1600,ciclos_10%,esquinas,11088,Lee,59.17737500021758,2.300091999131837,1578,3459,39,110,110.0,110
40x40,1600,ciclos_10%,interior,11088,BFS,59.17737500021758,3.515753998726723,1437,3163,43,74,74.0,74
40x40,1600,ciclos_10%,interior,11088,DFS,59.17737500021758,3.5950239998783218,1417,3134,107,296,296.0,296
40x40,1600,ciclos_10%,interior,11088,UCS,59.17737500021758,4.253211000104784,1450,3191,43,74,74.0,74
40x40,1600,ciclos_10%,interior,11088,Bidireccional,59.17737500021758,1.3975290003145346,564,1247,43,74,74.0,74
40x40,1600,ciclos_10%,interior,11088,Lee,59.17737500021758,2.0122749992879108,1445,3182,42,74,74.0,74
40x40,1600,ciclos_10%,esquinas,11189,BFS,60.46755800161918,3.462045999185648,1582,3469,37,98,98.0,98
40x40,1600,ciclos_10%,esquinas,11189,DFS,60.46755800161918,3.210126998965279,1368,3015,115,258,258.0,258
40x40,1600,ciclos_10%,esquinas,11189,UCS,60.46755800161918,4.925646000629058,1587,3478,37,98,98.0,98
40x40,1600,ciclos_10%,esquinas,11189,Bidireccional,60.46755800161918,3.669755000373698,1118,2478,60,98,98.0,98
40x40,1600,ciclos_10%,esquinas,11189,Lee,60.46755800161918,2.2083200001361547,1584,3473,35,98,98.0,98
40x40,1600,ciclos_10%,interior,11189,BFS,60.46755800161918,2.66159100101504,1161,2572,35,54,54.0,54
40x40,1600,ciclos_10%,interior,11189,DFS,60.46755800161918,2.087214999846765,874,1953,110,364,364.0,364
40x40,1600,ciclos_10%,interior,11189,UCS,60.46755800161918,3.272494999691844,1191,2640,35,54,54.0,54
40x40,1600,ciclos_10%,interior,11189,Bidireccional,60.46755800161918,2.1358949998102617,839,1870,61,54,54.0,54
40x40,1600,ciclos_10%,interior,11189,Lee,60.46755800161918,2.638124999066349,1161,2572,33,54,54.0,54
